a, a, a
a, a, b
a, a, c
a, a, d
a, a, e
a, a, f
a, a, g
a, a, h
a, a, i
a, a, k
a, a, m
a, a, n
a, a, p
a, a, r
a, a, s
a, a, t
a, a, u
a, b, e
a, b, i
a, b, o
a, b, u
a, b, y
a, c, c
a, c, d
a, c, i
a, c, u
a, d, d
a, d, i
a, d, t
a, d, u
a, e, b
a, e, c
a, e, e
a, e, f
a, e, g
a, e, h
a, e, i
a, e, k
a, e, m
a, e, n
a, e, o
a, e, p
a, e, r
a, e, t
a, e, u
a, e, v
a, e, w
a, e, x
a, e, y
a, e, z
a, f, a
a, f, e
a, f, i
a, f, o
a, f, q
a, f, x
a, f, y
a, g, n
a, g, u
a, g, x
a, h, a
a, h, e
a, h, i
a, h, l
a, h, m
a, h, n
a, h, o
a, h, r
a, h, t
a, h, u
a, h, x
a, h, y
a, i, a
a, i, b
a, i, e
a, i, f
a, i, g
a, i, i
a, i, k
a, i, o
a, i, p
a, i, x
a, i, z
a, k, o
a, k, u
a, k, x
a, l, f
a, l, m
a, l, n
a, l, p
a, l, u
a, m, b
a, m, n
a, m, o
a, m, u
a, n, c
a, n, u
a, n, x
a, o, a
a, o, b
a, o, c
a, o, d
a, o, e
a, o, g
a, o, h
a, o, i
a, o, l
a, o, m
a, o, n
a, o, p
a, o, r
a, o, t
a, o, u
a, o, v
a, o, w
a, p, c
a, p, i
a, p, o
a, p, p
a, p, u
a, p, x
a, r, b
a, r, c
a, r, f
a, r, g
a, r, l
a, r, n
a, r, r
a, r, u
a, s, c
a, s, o
a, s, p
a, s, u
a, t, c
a, t, d
a, t, l
a, t, p
a, t, u
a, t, z
a, u, a
a, u, b
a, u, e
a, u, g
a, u, i
a, u, k
a, u, m
a, u, n
a, u, p
a, v, b
a, v, i
a, v, j
a, v, o
a, v, q
a, v, s
a, v, w
a, v, y
a, w, e
a, w, i
a, w, l
a, w, q
a, w, t
a, w, x
a, w, y
a, x, e
a, x, j
a, x, t
a, x, z
a, y, d
a, y, e
a, y, l
a, y, m
a, y, n
a, y, o
a, y, r
a, z, a
a, z, i
a, z, j
a, z, o
a, z, x
a, z, y
a, z, z
b, a, a
b, a, b
b, a, c
b, a, e
b, a, f
b, a, i
b, a, k
b, a, m
b, a, o
b, a, p
b, a, u
b, a, v
b, a, w
b, a, x
b, a, y
b, a, z
b, e, a
b, e, b
b, e, c
b, e, f
b, e, g
b, e, h
b, e, i
b, e, k
b, e, m
b, e, o
b, e, p
b, e, u
b, e, v
b, e, w
b, e, x
b, e, y
b, e, z
b, i, b
b, i, f
b, i, g
b, i, i
b, i, k
b, i, l
b, i, m
b, i, o
b, i, p
b, i, r
b, i, x
b, i, z
b, o, a
b, o, b
b, o, c
b, o, d
b, o, e
b, o, f
b, o, g
b, o, h
b, o, i
b, o, k
b, o, l
b, o, m
b, o, o
b, o, p
b, o, r
b, o, t
b, o, u
b, o, v
b, s, a
b, s, c
b, s, e
b, s, h
b, s, i
b, s, k
b, s, m
b, s, o
b, s, p
b, s, s
b, s, t
b, s, u
b, s, y
b, u, a
b, u, b
b, u, d
b, u, e
b, u, i
b, u, k
b, u, l
b, u, m
b, u, n
b, u, p
b, u, r
b, u, t
b, u, x
b, u, y
b, y, a
b, y, d
b, y, e
b, y, l
b, y, m
b, y, n
b, y, o
b, y, r
b, y, s
c, a, a
c, a, b
c, a, c
c, a, d
c, a, f
c, a, g
c, a, h
c, a, i
c, a, k
c, a, m
c, a, o
c, a, u
c, a, v
c, a, w
c, a, x
c, a, y
c, a, z
c, c, c
c, c, d
c, c, e
c, c, h
c, c, s
c, c, t
c, c, u
c, c, y
c, d, a
c, d, e
c, d, i
c, d, o
c, d, s
c, d, y
c, e, b
c, e, c
c, e, e
c, e, f
c, e, g
c, e, h
c, e, i
c, e, k
c, e, m
c, e, n
c, e, o
c, e, p
c, e, t
c, e, u
c, e, v
c, e, w
c, e, z
c, h, l
c, h, m
c, h, n
c, h, r
c, h, u
c, h, x
c, i, b
c, i, e
c, i, f
c, i, g
c, i, i
c, i, k
c, i, l
c, i, m
c, i, p
c, i, r
c, i, t
c, i, z
c, k, a
c, k, i
c, k, o
c, k, u
c, k, x
c, o, a
c, o, b
c, o, c
c, o, d
c, o, e
c, o, f
c, o, g
c, o, h
c, o, i
c, o, k
c, o, m
c, o, o
c, o, p
c, o, r
c, o, u
c, o, v
c, o, w
c, o, x
c, o, y
c, s, a
c, s, c
c, s, e
c, s, h
c, s, i
c, s, k
c, s, o
c, s, p
c, s, t
c, t, d
c, t, e
c, t, h
c, t, i
c, t, l
c, t, o
c, t, t
c, t, u
c, t, y
c, u, a
c, u, b
c, u, d
c, u, e
c, u, g
c, u, i
c, u, k
c, u, l
c, u, n
c, u, r
c, u, y
c, y, a
c, y, d
c, y, e
c, y, l
c, y, m
c, y, n
c, y, o
c, y, r
c, y, s
c, y, x
d, a, a
d, a, b
d, a, c
d, a, d
d, a, f
d, a, g
d, a, i
d, a, k
d, a, o
d, a, p
d, a, t
d, a, u
d, a, v
d, a, w
d, a, x
d, a, z
d, d, a
d, d, e
d, d, i
d, d, o
d, d, s
d, d, u
d, e, b
d, e, c
d, e, f
d, e, g
d, e, h
d, e, i
d, e, k
d, e, m
d, e, o
d, e, p
d, e, t
d, e, u
d, e, v
d, e, w
d, e, x
d, e, y
d, e, z
d, i, b
d, i, f
d, i, g
d, i, i
d, i, k
d, i, l
d, i, m
d, i, o
d, i, p
d, i, r
d, i, x
d, i, z
d, o, a
d, o, b
d, o, c
d, o, d
d, o, e
d, o, f
d, o, h
d, o, i
d, o, k
d, o, l
d, o, o
d, o, p
d, o, t
d, o, u
d, o, v
d, o, w
d, o, x
d, o, y
d, s, a
d, s, c
d, s, e
d, s, h
d, s, i
d, s, k
d, s, m
d, s, o
d, s, p
d, s, s
d, s, t
d, s, u
d, s, y
d, t, a
d, t, e
d, t, h
d, t, i
d, t, o
d, t, s
d, t, u
d, u, a
d, u, b
d, u, d
d, u, e
d, u, g
d, u, i
d, u, k
d, u, l
d, u, n
d, u, p
d, u, r
d, u, t
d, u, x
d, u, y
d, y, a
d, y, d
d, y, e
d, y, l
d, y, m
d, y, n
d, y, o
d, y, r
d, y, s
e, a, a
e, a, b
e, a, c
e, a, g
e, a, h
e, a, i
e, a, o
e, a, p
e, a, v
e, a, w
e, a, x
e, a, y
e, a, z
e, b, a
e, b, e
e, b, i
e, b, o
e, b, s
e, b, u
e, b, y
e, c, c
e, c, d
e, c, i
e, c, o
e, c, u
e, c, y
e, d, d
e, d, i
e, d, t
e, d, u
e, e, a
e, e, b
e, e, c
e, e, e
e, e, f
e, e, g
e, e, h
e, e, i
e, e, o
e, e, u
e, e, v
e, e, w
e, e, x
e, e, y
e, e, z
e, f, a
e, f, e
e, f, f
e, f, i
e, f, o
e, f, q
e, f, t
e, f, x
e, f, y
e, g, a
e, g, h
e, g, i
e, g, n
e, g, o
e, g, u
e, g, x
e, g, y
e, h, a
e, h, e
e, h, i
e, h, l
e, h, m
e, h, n
e, h, o
e, h, r
e, h, t
e, h, u
e, h, x
e, h, y
e, i, b
e, i, e
e, i, f
e, i, g
e, i, i
e, i, k
e, i, o
e, i, p
e, i, r
e, i, x
e, i, z
e, k, a
e, k, e
e, k, i
e, k, o
e, k, u
e, k, x
e, k, y
e, l, i
e, l, k
e, l, m
e, l, n
e, l, p
e, l, u
e, m, b
e, m, i
e, m, n
e, m, o
e, m, p
e, m, u
e, n, c
e, n, i
e, n, k
e, n, n
e, n, u
e, o, a
e, o, b
e, o, c
e, o, d
e, o, e
e, o, f
e, o, g
e, o, h
e, o, i
e, o, k
e, o, l
e, o, m
e, o, o
e, o, p
e, o, r
e, o, t
e, o, u
e, o, v
e, o, w
e, o, x
e, o, y
e, p, a
e, p, c
e, p, e
e, p, h
e, p, i
e, p, o
e, p, p
e, p, u
e, p, x
e, p, y
e, r, b
e, r, c
e, r, f
e, r, k
e, r, l
e, r, p
e, r, r
e, r, u
e, s, a
e, s, c
e, s, i
e, s, k
e, s, m
e, s, o
e, s, p
e, s, u
e, t, c
e, t, d
e, t, i
e, t, l
e, t, o
e, t, p
e, t, u
e, u, a
e, u, b
e, u, d
e, u, e
e, u, g
e, u, i
e, u, k
e, u, l
e, u, n
e, u, p
e, u, t
e, v, a
e, v, b
e, v, i
e, v, j
e, v, o
e, v, q
e, v, s
e, v, w
e, v, y
e, w, a
e, w, e
e, w, i
e, w, k
e, w, l
e, w, n
e, w, q
e, w, t
e, w, x
e, w, y
e, x, e
e, x, j
e, x, t
e, x, z
e, y, a
e, y, d
e, y, l
e, y, m
e, y, n
e, y, o
e, y, r
e, z, a
e, z, i
e, z, j
e, z, o
e, z, x
e, z, y
e, z, z
f, a, b
f, a, c
f, a, d
f, a, e
f, a, f
f, a, g
f, a, h
f, a, i
f, a, k
f, a, l
f, a, m
f, a, n
f, a, o
f, a, p
f, a, r
f, a, s
f, a, t
f, a, u
f, a, v
f, a, w
f, a, x
f, a, y
f, a, z
f, e, a
f, e, b
f, e, c
f, e, e
f, e, f
f, e, g
f, e, h
f, e, i
f, e, k
f, e, l
f, e, m
f, e, o
f, e, p
f, e, t
f, e, u
f, e, v
f, e, w
f, e, x
f, e, y
f, e, z
f, f, a
f, f, i
f, f, o
f, f, q
f, f, t
f, f, x
f, i, a
f, i, b
f, i, e
f, i, f
f, i, g
f, i, i
f, i, k
f, i, l
f, i, m
f, i, o
f, i, p
f, i, r
f, i, s
f, i, t
f, i, x
f, i, z
f, o, a
f, o, b
f, o, c
f, o, d
f, o, e
f, o, f
f, o, g
f, o, h
f, o, i
f, o, k
f, o, l
f, o, m
f, o, n
f, o, o
f, o, p
f, o, r
f, o, s
f, o, t
f, o, u
f, o, v
f, o, w
f, o, x
f, o, y
f, q, f
f, q, g
f, q, h
f, q, j
f, q, k
f, q, p
f, q, v
f, q, x
f, q, y
f, q, z
f, s, a
f, s, c
f, s, e
f, s, h
f, s, i
f, s, k
f, s, m
f, s, s
f, s, t
f, t, a
f, t, e
f, t, h
f, t, i
f, t, l
f, t, o
f, t, p
f, t, t
f, t, u
f, x, e
f, x, j
f, x, t
f, x, y
f, x, z
f, y, d
f, y, e
f, y, l
f, y, m
f, y, o
g, a, a
g, a, b
g, a, c
g, a, d
g, a, e
g, a, f
g, a, g
g, a, h
g, a, i
g, a, k
g, a, m
g, a, o
g, a, p
g, a, t
g, a, u
g, a, v
g, a, w
g, a, y
g, a, z
g, e, a
g, e, b
g, e, c
g, e, f
g, e, g
g, e, h
g, e, i
g, e, k
g, e, m
g, e, o
g, e, p
g, e, u
g, e, v
g, e, w
g, e, y
g, e, z
g, h, a
g, h, e
g, h, i
g, h, l
g, h, m
g, h, n
g, h, o
g, h, r
g, h, u
g, h, x
g, h, y
g, i, b
g, i, d
g, i, f
g, i, g
g, i, i
g, i, k
g, i, l
g, i, m
g, i, o
g, i, p
g, i, r
g, i, s
g, i, t
g, i, z
g, n, a
g, n, i
g, n, n
g, n, o
g, n, t
g, n, u
g, n, y
g, o, a
g, o, b
g, o, c
g, o, d
g, o, e
g, o, f
g, o, g
g, o, h
g, o, i
g, o, k
g, o, l
g, o, m
g, o, o
g, o, p
g, o, r
g, o, t
g, o, u
g, o, v
g, o, w
g, o, x
g, o, y
g, s, a
g, s, c
g, s, e
g, s, h
g, s, i
g, s, k
g, s, m
g, s, o
g, s, p
g, s, t
g, s, u
g, u, b
g, u, d
g, u, g
g, u, i
g, u, l
g, u, p
g, u, r
g, u, t
g, u, y
g, x, e
g, x, j
g, x, t
g, x, y
g, x, z
g, y, a
g, y, d
g, y, e
g, y, l
g, y, m
g, y, n
g, y, o
g, y, r
g, y, s
h, a, a
h, a, b
h, a, c
h, a, d
h, a, f
h, a, g
h, a, h
h, a, i
h, a, k
h, a, o
h, a, p
h, a, u
h, a, v
h, a, x
h, a, y
h, a, z
h, e, b
h, e, c
h, e, f
h, e, g
h, e, h
h, e, i
h, e, k
h, e, m
h, e, o
h, e, p
h, e, u
h, e, v
h, e, w
h, e, x
h, e, y
h, e, z
h, i, b
h, i, f
h, i, g
h, i, i
h, i, k
h, i, o
h, i, r
h, i, t
h, i, x
h, i, z
h, l, a
h, l, e
h, l, i
h, l, m
h, l, o
h, l, s
h, l, u
h, m, a
h, m, e
h, m, i
h, m, n
h, m, o
h, m, s
h, m, u
h, m, y
h, n, a
h, n, c
h, n, d
h, n, e
h, n, i
h, n, k
h, n, n
h, n, o
h, n, s
h, n, u
h, n, y
h, o, a
h, o, b
h, o, c
h, o, d
h, o, f
h, o, g
h, o, h
h, o, i
h, o, k
h, o, m
h, o, o
h, o, u
h, o, v
h, o, x
h, o, y
h, r, a
h, r, d
h, r, e
h, r, i
h, r, l
h, r, m
h, r, o
h, r, s
h, r, u
h, r, y
h, s, a
h, s, c
h, s, e
h, s, h
h, s, i
h, s, k
h, s, m
h, s, o
h, s, p
h, s, s
h, s, t
h, t, a
h, t, c
h, t, e
h, t, h
h, t, i
h, t, l
h, t, o
h, t, p
h, t, t
h, t, u
h, u, a
h, u, b
h, u, d
h, u, e
h, u, g
h, u, i
h, u, k
h, u, l
h, u, n
h, u, p
h, u, r
h, u, t
h, u, x
h, u, y
h, x, e
h, x, j
h, x, t
h, x, y
h, x, z
h, y, a
h, y, d
h, y, e
h, y, m
h, y, n
h, y, o
h, y, r
h, y, x
i, a, a
i, a, b
i, a, f
i, a, g
i, a, i
i, a, k
i, a, m
i, a, o
i, a, p
i, a, t
i, a, u
i, a, v
i, a, w
i, a, x
i, a, z
i, b, a
i, b, i
i, b, o
i, b, s
i, b, u
i, b, y
i, c, c
i, c, d
i, c, i
i, c, u
i, c, y
i, d, d
i, d, i
i, d, t
i, d, u
i, e, a
i, e, b
i, e, c
i, e, e
i, e, g
i, e, h
i, e, i
i, e, k
i, e, m
i, e, o
i, e, p
i, e, t
i, e, u
i, e, v
i, e, x
i, e, y
i, e, z
i, f, a
i, f, i
i, f, o
i, f, q
i, f, x
i, g, a
i, g, i
i, g, u
i, g, x
i, g, y
i, i, a
i, i, d
i, i, e
i, i, f
i, i, i
i, i, l
i, i, m
i, i, n
i, i, o
i, i, p
i, i, s
i, i, t
i, k, o
i, k, u
i, k, x
i, k, y
i, l, f
i, l, k
i, l, m
i, l, n
i, l, o
i, l, p
i, l, u
i, m, b
i, m, i
i, m, n
i, m, p
i, m, u
i, m, y
i, n, c
i, n, n
i, n, u
i, o, a
i, o, b
i, o, c
i, o, d
i, o, e
i, o, f
i, o, g
i, o, h
i, o, i
i, o, k
i, o, m
i, o, o
i, o, p
i, o, u
i, o, v
i, o, w
i, o, x
i, o, y
i, p, a
i, p, c
i, p, h
i, p, i
i, p, o
i, p, p
i, p, u
i, p, x
i, p, y
i, r, b
i, r, c
i, r, f
i, r, g
i, r, k
i, r, n
i, r, p
i, r, r
i, r, u
i, s, c
i, s, i
i, s, o
i, s, p
i, s, u
i, t, c
i, t, d
i, t, l
i, t, p
i, t, u
i, x, e
i, x, j
i, x, t
i, x, y
i, x, z
i, z, i
i, z, j
i, z, o
i, z, x
i, z, y
i, z, z
j, a, a
j, a, b
j, a, c
j, a, d
j, a, e
j, a, f
j, a, g
j, a, h
j, a, i
j, a, k
j, a, l
j, a, m
j, a, n
j, a, p
j, a, r
j, a, t
j, a, u
j, a, v
j, a, w
j, a, x
j, a, y
j, a, z
j, e, a
j, e, b
j, e, c
j, e, d
j, e, e
j, e, f
j, e, g
j, e, h
j, e, i
j, e, k
j, e, l
j, e, m
j, e, n
j, e, o
j, e, p
j, e, r
j, e, s
j, e, t
j, e, u
j, e, v
j, e, w
j, e, z
j, i, a
j, i, b
j, i, c
j, i, d
j, i, e
j, i, f
j, i, g
j, i, k
j, i, l
j, i, m
j, i, n
j, i, p
j, i, r
j, i, s
j, i, t
j, i, z
j, o, a
j, o, b
j, o, c
j, o, d
j, o, e
j, o, g
j, o, h
j, o, i
j, o, k
j, o, l
j, o, m
j, o, n
j, o, o
j, o, p
j, o, r
j, o, s
j, o, t
j, o, u
j, o, v
j, o, w
j, o, y
j, q, f
j, q, g
j, q, h
j, q, j
j, q, k
j, q, p
j, q, v
j, q, x
j, q, y
j, q, z
j, x, e
j, x, j
j, x, t
j, x, y
j, x, z
j, z, a
j, z, e
j, z, i
j, z, j
j, z, o
j, z, x
j, z, y
j, z, z
k, a, a
k, a, b
k, a, c
k, a, d
k, a, e
k, a, f
k, a, g
k, a, i
k, a, k
k, a, l
k, a, m
k, a, o
k, a, p
k, a, t
k, a, u
k, a, v
k, a, w
k, a, x
k, a, y
k, a, z
k, e, a
k, e, b
k, e, c
k, e, f
k, e, g
k, e, h
k, e, i
k, e, k
k, e, m
k, e, o
k, e, p
k, e, u
k, e, v
k, e, w
k, e, x
k, i, b
k, i, c
k, i, d
k, i, f
k, i, g
k, i, i
k, i, k
k, i, l
k, i, m
k, i, o
k, i, p
k, i, r
k, i, z
k, o, a
k, o, b
k, o, c
k, o, d
k, o, e
k, o, f
k, o, g
k, o, h
k, o, i
k, o, k
k, o, l
k, o, m
k, o, o
k, o, p
k, o, r
k, o, t
k, o, u
k, o, v
k, o, w
k, o, x
k, o, y
k, s, a
k, s, c
k, s, e
k, s, h
k, s, i
k, s, k
k, s, m
k, s, o
k, s, p
k, s, t
k, s, u
k, s, y
k, u, a
k, u, b
k, u, d
k, u, e
k, u, g
k, u, i
k, u, k
k, u, l
k, u, n
k, u, p
k, u, r
k, u, t
k, u, y
k, x, e
k, x, j
k, x, t
k, x, y
k, x, z
k, y, a
k, y, d
k, y, e
k, y, l
k, y, m
k, y, n
k, y, o
k, y, r
k, y, s
l, a, a
l, a, b
l, a, c
l, a, f
l, a, g
l, a, i
l, a, k
l, a, l
l, a, o
l, a, p
l, a, u
l, a, v
l, a, x
l, a, z
l, d, d
l, d, i
l, d, o
l, d, t
l, d, u
l, d, y
l, e, b
l, e, c
l, e, f
l, e, h
l, e, i
l, e, k
l, e, l
l, e, o
l, e, p
l, e, u
l, e, v
l, e, w
l, e, z
l, f, a
l, f, e
l, f, f
l, f, i
l, f, o
l, f, q
l, f, s
l, f, t
l, f, x
l, f, y
l, i, b
l, i, f
l, i, g
l, i, i
l, i, l
l, i, r
l, i, x
l, i, z
l, k, e
l, k, i
l, k, o
l, k, u
l, k, x
l, k, y
l, l, d
l, l, f
l, l, k
l, l, l
l, l, m
l, l, n
l, l, p
l, l, t
l, l, u
l, m, a
l, m, b
l, m, e
l, m, i
l, m, n
l, m, o
l, m, u
l, m, y
l, n, a
l, n, d
l, n, e
l, n, i
l, n, o
l, n, s
l, n, t
l, n, u
l, o, a
l, o, b
l, o, c
l, o, d
l, o, e
l, o, f
l, o, h
l, o, i
l, o, k
l, o, m
l, o, u
l, o, v
l, o, x
l, p, a
l, p, e
l, p, h
l, p, i
l, p, o
l, p, t
l, p, u
l, p, x
l, p, y
l, s, a
l, s, c
l, s, h
l, s, i
l, s, k
l, s, m
l, s, o
l, s, p
l, s, s
l, s, t
l, s, u
l, s, y
l, t, a
l, t, c
l, t, d
l, t, e
l, t, h
l, t, i
l, t, l
l, t, o
l, t, p
l, t, u
l, t, z
l, u, a
l, u, b
l, u, d
l, u, g
l, u, i
l, u, k
l, u, l
l, u, n
l, u, p
l, u, r
l, u, t
l, u, x
l, u, y
l, y, a
l, y, d
l, y, e
l, y, m
l, y, o
l, y, r
l, y, s
l, y, x
m, a, a
m, a, b
m, a, c
m, a, d
m, a, f
m, a, g
m, a, i
m, a, k
m, a, m
m, a, o
m, a, p
m, a, t
m, a, u
m, a, v
m, a, w
m, a, x
m, a, y
m, a, z
m, b, e
m, b, i
m, b, u
m, b, y
m, e, a
m, e, b
m, e, c
m, e, e
m, e, f
m, e, g
m, e, h
m, e, i
m, e, k
m, e, m
m, e, o
m, e, p
m, e, u
m, e, v
m, e, w
m, e, x
m, e, y
m, e, z
m, i, b
m, i, f
m, i, g
m, i, i
m, i, k
m, i, l
m, i, m
m, i, o
m, i, p
m, i, r
m, i, x
m, i, z
m, n, a
m, n, e
m, n, i
m, n, n
m, n, o
m, n, s
m, n, u
m, n, y
m, o, a
m, o, b
m, o, c
m, o, d
m, o, e
m, o, f
m, o, g
m, o, h
m, o, i
m, o, k
m, o, m
m, o, o
m, o, p
m, o, r
m, o, t
m, o, u
m, o, v
m, o, w
m, o, x
m, o, y
m, p, a
m, p, c
m, p, e
m, p, i
m, p, o
m, p, p
m, p, t
m, p, u
m, p, x
m, s, a
m, s, c
m, s, e
m, s, h
m, s, i
m, s, k
m, s, m
m, s, o
m, s, p
m, s, s
m, s, t
m, s, u
m, s, y
m, u, a
m, u, d
m, u, e
m, u, g
m, u, i
m, u, k
m, u, l
m, u, n
m, u, p
m, u, r
m, u, t
m, u, y
m, y, a
m, y, d
m, y, e
m, y, l
m, y, m
m, y, n
m, y, o
m, y, r
m, y, x
n, a, a
n, a, b
n, a, c
n, a, d
n, a, f
n, a, g
n, a, k
n, a, m
n, a, o
n, a, p
n, a, t
n, a, u
n, a, v
n, a, w
n, a, x
n, a, z
n, c, a
n, c, c
n, c, i
n, c, k
n, c, o
n, c, s
n, c, u
n, d, d
n, d, t
n, d, u
n, e, b
n, e, c
n, e, f
n, e, g
n, e, h
n, e, i
n, e, k
n, e, m
n, e, o
n, e, p
n, e, u
n, e, v
n, e, w
n, e, x
n, e, z
n, g, h
n, g, n
n, g, u
n, g, x
n, i, b
n, i, f
n, i, g
n, i, i
n, i, l
n, i, o
n, i, p
n, i, r
n, i, x
n, i, z
n, k, e
n, k, i
n, k, o
n, k, u
n, k, x
n, n, d
n, n, k
n, n, n
n, n, o
n, n, s
n, n, u
n, o, a
n, o, b
n, o, c
n, o, d
n, o, e
n, o, f
n, o, g
n, o, h
n, o, i
n, o, k
n, o, m
n, o, o
n, o, p
n, o, u
n, o, v
n, o, x
n, o, y
n, s, a
n, s, c
n, s, h
n, s, i
n, s, k
n, s, m
n, s, o
n, s, p
n, s, s
n, s, t
n, s, u
n, s, y
n, t, c
n, t, d
n, t, l
n, t, p
n, t, t
n, t, u
n, t, z
n, u, a
n, u, b
n, u, d
n, u, e
n, u, g
n, u, i
n, u, k
n, u, l
n, u, n
n, u, p
n, u, r
n, u, x
n, u, y
n, x, e
n, x, j
n, x, t
n, x, z
n, y, a
n, y, d
n, y, e
n, y, n
n, y, o
n, y, r
n, y, s
n, y, x
o, a, b
o, a, c
o, a, e
o, a, f
o, a, g
o, a, h
o, a, i
o, a, k
o, a, m
o, a, o
o, a, p
o, a, r
o, a, u
o, a, v
o, a, x
o, a, z
o, b, a
o, b, i
o, b, o
o, b, u
o, b, y
o, c, a
o, c, c
o, c, d
o, c, e
o, c, i
o, c, o
o, c, t
o, c, u
o, c, y
o, d, d
o, d, i
o, d, o
o, d, t
o, d, u
o, e, b
o, e, c
o, e, e
o, e, f
o, e, g
o, e, h
o, e, i
o, e, k
o, e, l
o, e, m
o, e, n
o, e, o
o, e, p
o, e, t
o, e, u
o, e, v
o, e, w
o, e, x
o, e, y
o, f, a
o, f, e
o, f, i
o, f, o
o, f, q
o, f, x
o, f, y
o, g, e
o, g, h
o, g, i
o, g, n
o, g, o
o, g, u
o, g, x
o, h, a
o, h, e
o, h, i
o, h, l
o, h, m
o, h, n
o, h, o
o, h, r
o, h, s
o, h, u
o, h, x
o, h, y
o, i, a
o, i, b
o, i, e
o, i, f
o, i, g
o, i, k
o, i, m
o, i, o
o, i, p
o, i, t
o, i, x
o, i, z
o, k, i
o, k, o
o, k, u
o, k, x
o, l, f
o, l, m
o, l, n
o, l, p
o, l, u
o, m, i
o, m, n
o, m, o
o, m, p
o, m, u
o, n, c
o, n, k
o, n, n
o, n, o
o, n, u
o, n, x
o, o, a
o, o, b
o, o, c
o, o, e
o, o, g
o, o, h
o, o, i
o, o, u
o, o, v
o, o, x
o, o, y
o, p, a
o, p, c
o, p, h
o, p, i
o, p, o
o, p, p
o, p, t
o, p, u
o, p, x
o, r, b
o, r, c
o, r, f
o, r, g
o, r, l
o, r, p
o, r, r
o, r, u
o, s, c
o, s, i
o, s, k
o, s, m
o, s, p
o, s, u
o, t, c
o, t, d
o, t, i
o, t, l
o, t, p
o, t, u
o, t, z
o, u, a
o, u, b
o, u, e
o, u, g
o, u, i
o, u, k
o, u, m
o, u, x
o, u, y
o, v, b
o, v, i
o, v, j
o, v, o
o, v, q
o, v, s
o, v, w
o, v, y
o, w, a
o, w, e
o, w, i
o, w, k
o, w, q
o, w, t
o, w, x
o, x, e
o, x, j
o, x, t
o, x, z
o, y, a
o, y, d
o, y, e
o, y, l
o, y, m
o, y, n
o, y, o
o, y, r
p, a, a
p, a, b
p, a, c
p, a, d
p, a, e
p, a, g
p, a, h
p, a, i
p, a, k
p, a, m
p, a, o
p, a, p
p, a, r
p, a, t
p, a, u
p, a, v
p, a, w
p, a, x
p, a, y
p, a, z
p, c, a
p, c, d
p, c, e
p, c, h
p, c, i
p, c, o
p, c, s
p, c, t
p, c, u
p, e, a
p, e, b
p, e, c
p, e, f
p, e, g
p, e, h
p, e, i
p, e, k
p, e, m
p, e, o
p, e, p
p, e, u
p, e, v
p, e, w
p, e, x
p, e, y
p, e, z
p, h, i
p, h, l
p, h, n
p, h, o
p, h, r
p, h, t
p, h, u
p, h, x
p, i, b
p, i, f
p, i, g
p, i, i
p, i, k
p, i, l
p, i, m
p, i, o
p, i, p
p, i, r
p, i, x
p, i, z
p, o, a
p, o, b
p, o, c
p, o, e
p, o, f
p, o, g
p, o, h
p, o, i
p, o, k
p, o, l
p, o, m
p, o, o
p, o, p
p, o, r
p, o, u
p, o, v
p, o, w
p, o, x
p, o, y
p, p, a
p, p, h
p, p, i
p, p, o
p, p, p
p, p, s
p, p, u
p, p, x
p, s, a
p, s, c
p, s, e
p, s, h
p, s, i
p, s, k
p, s, m
p, s, o
p, s, p
p, s, s
p, s, t
p, s, u
p, t, a
p, t, c
p, t, e
p, t, h
p, t, i
p, t, l
p, t, o
p, t, t
p, t, u
p, t, y
p, u, a
p, u, b
p, u, d
p, u, e
p, u, g
p, u, i
p, u, k
p, u, l
p, u, m
p, u, n
p, u, p
p, u, t
p, u, y
p, x, e
p, x, j
p, x, t
p, x, y
p, x, z
p, y, a
p, y, d
p, y, e
p, y, l
p, y, m
p, y, n
p, y, o
p, y, r
p, y, s
p, y, x
q, f, a
q, f, e
q, f, f
q, f, i
q, f, o
q, f, q
q, f, s
q, f, t
q, f, x
q, f, y
q, g, a
q, g, e
q, g, h
q, g, i
q, g, n
q, g, o
q, g, s
q, g, u
q, g, x
q, g, y
q, h, a
q, h, e
q, h, i
q, h, l
q, h, m
q, h, n
q, h, o
q, h, r
q, h, s
q, h, t
q, h, u
q, h, x
q, h, y
q, j, a
q, j, e
q, j, i
q, j, o
q, j, q
q, j, x
q, j, z
q, k, a
q, k, e
q, k, i
q, k, o
q, k, s
q, k, u
q, k, x
q, k, y
q, p, a
q, p, c
q, p, e
q, p, h
q, p, i
q, p, o
q, p, p
q, p, s
q, p, t
q, p, u
q, p, x
q, p, y
q, v, a
q, v, b
q, v, e
q, v, i
q, v, j
q, v, o
q, v, q
q, v, s
q, v, w
q, v, y
q, x, e
q, x, j
q, x, t
q, x, y
q, x, z
q, y, a
q, y, d
q, y, e
q, y, l
q, y, m
q, y, n
q, y, o
q, y, r
q, y, s
q, y, x
q, z, a
q, z, e
q, z, i
q, z, j
q, z, o
q, z, x
q, z, y
q, z, z
r, a, a
r, a, b
r, a, c
r, a, f
r, a, g
r, a, k
r, a, o
r, a, r
r, a, u
r, a, v
r, a, z
r, b, a
r, b, e
r, b, i
r, b, o
r, b, u
r, b, y
r, c, c
r, c, i
r, c, k
r, c, o
r, c, s
r, c, t
r, c, u
r, c, y
r, d, a
r, d, d
r, d, i
r, d, t
r, d, u
r, e, b
r, e, c
r, e, f
r, e, g
r, e, h
r, e, i
r, e, k
r, e, m
r, e, o
r, e, p
r, e, u
r, e, v
r, e, x
r, e, z
r, f, a
r, f, e
r, f, f
r, f, i
r, f, o
r, f, q
r, f, x
r, f, y
r, g, a
r, g, h
r, g, i
r, g, n
r, g, o
r, g, u
r, g, x
r, i, b
r, i, f
r, i, g
r, i, k
r, i, r
r, i, z
r, k, a
r, k, e
r, k, i
r, k, o
r, k, u
r, k, x
r, l, a
r, l, d
r, l, f
r, l, i
r, l, l
r, l, m
r, l, o
r, l, p
r, l, t
r, l, u
r, m, b
r, m, e
r, m, i
r, m, n
r, m, o
r, m, p
r, m, u
r, n, c
r, n, d
r, n, g
r, n, i
r, n, k
r, n, n
r, n, o
r, n, t
r, n, u
r, o, a
r, o, b
r, o, c
r, o, e
r, o, f
r, o, g
r, o, h
r, o, k
r, o, u
r, o, v
r, o, x
r, p, a
r, p, e
r, p, i
r, p, o
r, p, p
r, p, t
r, p, u
r, p, x
r, p, y
r, r, g
r, r, i
r, r, l
r, r, n
r, r, o
r, r, t
r, r, u
r, s, a
r, s, c
r, s, h
r, s, i
r, s, k
r, s, m
r, s, o
r, s, p
r, s, s
r, s, u
r, s, y
r, t, c
r, t, d
r, t, i
r, t, l
r, t, o
r, t, p
r, t, t
r, t, u
r, t, z
r, u, a
r, u, b
r, u, d
r, u, e
r, u, g
r, u, i
r, u, k
r, u, l
r, u, p
r, u, r
r, u, t
r, u, x
r, u, y
r, y, a
r, y, d
r, y, e
r, y, m
r, y, n
r, y, o
r, y, r
r, y, s
r, y, x
s, a, a
s, a, b
s, a, c
s, a, d
s, a, f
s, a, g
s, a, h
s, a, i
s, a, k
s, a, m
s, a, o
s, a, p
s, a, t
s, a, u
s, a, v
s, a, x
s, a, z
s, c, c
s, c, d
s, c, e
s, c, i
s, c, s
s, c, t
s, c, u
s, c, y
s, e, a
s, e, b
s, e, c
s, e, f
s, e, g
s, e, h
s, e, i
s, e, k
s, e, m
s, e, o
s, e, p
s, e, u
s, e, v
s, e, w
s, e, x
s, h, e
s, h, l
s, h, m
s, h, n
s, h, o
s, h, r
s, h, s
s, h, t
s, h, u
s, h, x
s, i, b
s, i, f
s, i, g
s, i, i
s, i, k
s, i, m
s, i, o
s, i, p
s, i, r
s, i, x
s, i, z
s, k, e
s, k, o
s, k, u
s, k, x
s, m, e
s, m, i
s, m, o
s, m, u
s, m, y
s, o, a
s, o, b
s, o, c
s, o, d
s, o, e
s, o, f
s, o, g
s, o, h
s, o, i
s, o, k
s, o, o
s, o, p
s, o, t
s, o, u
s, o, v
s, o, w
s, o, x
s, o, y
s, p, a
s, p, c
s, p, e
s, p, h
s, p, i
s, p, o
s, p, u
s, p, x
s, p, y
s, s, c
s, s, h
s, s, i
s, s, k
s, s, m
s, s, o
s, s, p
s, s, s
s, s, t
s, s, u
s, t, c
s, t, d
s, t, h
s, t, l
s, t, p
s, t, t
s, t, u
s, u, a
s, u, b
s, u, d
s, u, e
s, u, g
s, u, i
s, u, k
s, u, l
s, u, n
s, u, p
s, u, r
s, u, t
s, u, y
s, y, a
s, y, d
s, y, e
s, y, l
s, y, m
s, y, n
s, y, o
s, y, r
s, y, s
t, a, a
t, a, b
t, a, c
t, a, f
t, a, g
t, a, i
t, a, k
t, a, m
t, a, o
t, a, p
t, a, u
t, a, v
t, a, w
t, a, x
t, a, y
t, a, z
t, c, a
t, c, c
t, c, e
t, c, i
t, c, o
t, c, u
t, c, y
t, d, a
t, d, e
t, d, i
t, d, o
t, d, u
t, e, b
t, e, c
t, e, f
t, e, g
t, e, h
t, e, i
t, e, k
t, e, o
t, e, p
t, e, t
t, e, u
t, e, v
t, e, w
t, e, x
t, e, y
t, e, z
t, h, l
t, h, m
t, h, n
t, h, o
t, h, r
t, h, t
t, h, u
t, h, x
t, i, b
t, i, f
t, i, g
t, i, i
t, i, k
t, i, p
t, i, r
t, i, t
t, i, x
t, i, z
t, l, a
t, l, i
t, l, o
t, l, s
t, l, u
t, o, a
t, o, b
t, o, c
t, o, d
t, o, e
t, o, f
t, o, g
t, o, h
t, o, i
t, o, k
t, o, o
t, o, t
t, o, u
t, o, v
t, o, w
t, o, x
t, o, y
t, p, a
t, p, e
t, p, h
t, p, i
t, p, o
t, p, s
t, p, u
t, p, x
t, p, y
t, s, a
t, s, c
t, s, e
t, s, h
t, s, i
t, s, k
t, s, m
t, s, o
t, s, p
t, s, s
t, s, t
t, s, u
t, s, y
t, t, c
t, t, d
t, t, h
t, t, l
t, t, t
t, t, u
t, u, a
t, u, b
t, u, d
t, u, e
t, u, g
t, u, i
t, u, k
t, u, l
t, u, n
t, u, p
t, u, t
t, u, x
t, u, y
t, y, a
t, y, d
t, y, e
t, y, m
t, y, n
t, y, o
t, y, r
t, y, s
t, y, x
t, z, a
t, z, e
t, z, i
t, z, j
t, z, o
t, z, x
t, z, y
u, a, a
u, a, b
u, a, c
u, a, d
u, a, e
u, a, f
u, a, g
u, a, h
u, a, i
u, a, k
u, a, m
u, a, o
u, a, p
u, a, r
u, a, t
u, a, u
u, a, v
u, a, w
u, a, x
u, a, y
u, a, z
u, b, i
u, b, o
u, b, u
u, b, y
u, d, d
u, d, i
u, d, o
u, d, u
u, e, a
u, e, b
u, e, c
u, e, e
u, e, f
u, e, g
u, e, h
u, e, i
u, e, m
u, e, n
u, e, o
u, e, p
u, e, u
u, e, v
u, e, w
u, e, x
u, e, y
u, e, z
u, g, a
u, g, i
u, g, n
u, g, o
u, g, u
u, g, x
u, g, y
u, i, a
u, i, b
u, i, c
u, i, e
u, i, f
u, i, g
u, i, i
u, i, k
u, i, l
u, i, m
u, i, o
u, i, p
u, i, r
u, i, x
u, i, z
u, k, a
u, k, i
u, k, o
u, k, u
u, k, x
u, k, y
u, l, d
u, l, f
u, l, k
u, l, m
u, l, n
u, l, o
u, l, p
u, l, u
u, m, b
u, m, i
u, m, n
u, m, o
u, m, u
u, m, y
u, n, c
u, n, i
u, n, n
u, n, o
u, n, u
u, n, x
u, n, y
u, p, a
u, p, c
u, p, e
u, p, h
u, p, i
u, p, o
u, p, p
u, p, t
u, p, u
u, p, x
u, p, y
u, r, b
u, r, c
u, r, d
u, r, f
u, r, k
u, r, l
u, r, m
u, r, o
u, r, p
u, r, r
u, r, u
u, s, c
u, s, i
u, s, k
u, s, m
u, s, o
u, s, p
u, s, u
u, t, c
u, t, d
u, t, l
u, t, o
u, t, p
u, t, t
u, t, u
u, t, y
u, t, z
u, x, e
u, x, j
u, x, t
u, x, z
u, y, a
u, y, e
u, y, l
u, y, n
u, y, o
u, y, r
u, y, s
v, a, a
v, a, b
v, a, c
v, a, d
v, a, e
v, a, f
v, a, g
v, a, h
v, a, i
v, a, k
v, a, m
v, a, p
v, a, t
v, a, u
v, a, v
v, a, w
v, a, x
v, a, y
v, a, z
v, b, a
v, b, e
v, b, i
v, b, o
v, b, s
v, b, u
v, b, y
v, e, a
v, e, b
v, e, c
v, e, e
v, e, f
v, e, g
v, e, h
v, e, i
v, e, k
v, e, m
v, e, o
v, e, p
v, e, u
v, e, v
v, e, w
v, e, x
v, e, z
v, i, b
v, i, f
v, i, g
v, i, i
v, i, k
v, i, m
v, i, o
v, i, p
v, i, r
v, i, t
v, i, x
v, i, z
v, j, a
v, j, e
v, j, i
v, j, o
v, j, q
v, j, x
v, j, z
v, o, a
v, o, b
v, o, c
v, o, d
v, o, e
v, o, g
v, o, i
v, o, k
v, o, l
v, o, m
v, o, n
v, o, o
v, o, p
v, o, r
v, o, s
v, o, t
v, o, u
v, o, v
v, o, w
v, o, x
v, o, y
v, q, f
v, q, g
v, q, h
v, q, j
v, q, k
v, q, p
v, q, v
v, q, x
v, q, y
v, q, z
v, s, a
v, s, k
v, s, t
v, w, a
v, w, e
v, w, i
v, w, k
v, w, l
v, w, n
v, w, q
v, w, s
v, w, t
v, w, x
v, w, y
v, y, a
v, y, e
v, y, l
v, y, n
v, y, s
w, a, a
w, a, b
w, a, c
w, a, d
w, a, e
w, a, f
w, a, g
w, a, h
w, a, i
w, a, k
w, a, l
w, a, m
w, a, p
w, a, r
w, a, t
w, a, u
w, a, v
w, a, w
w, a, x
w, a, z
w, e, a
w, e, b
w, e, c
w, e, e
w, e, f
w, e, g
w, e, h
w, e, i
w, e, k
w, e, m
w, e, o
w, e, p
w, e, t
w, e, v
w, e, w
w, e, x
w, e, y
w, e, z
w, i, a
w, i, b
w, i, c
w, i, d
w, i, e
w, i, f
w, i, g
w, i, i
w, i, k
w, i, l
w, i, m
w, i, p
w, i, r
w, i, s
w, i, x
w, i, z
w, k, a
w, k, e
w, k, i
w, k, s
w, k, x
w, k, y
w, l, a
w, l, d
w, l, e
w, l, f
w, l, i
w, l, l
w, l, n
w, l, o
w, l, p
w, l, t
w, n, a
w, n, c
w, n, d
w, n, e
w, n, g
w, n, i
w, n, n
w, n, o
w, n, t
w, n, y
w, q, f
w, q, g
w, q, h
w, q, j
w, q, k
w, q, p
w, q, v
w, q, x
w, q, y
w, q, z
w, s, a
w, s, c
w, s, e
w, s, h
w, s, i
w, s, k
w, s, m
w, s, o
w, s, p
w, s, s
w, s, t
w, s, u
w, s, y
w, t, a
w, t, e
w, t, i
w, t, o
w, t, s
w, t, u
w, x, e
w, x, j
w, x, t
w, x, y
w, x, z
w, y, a
w, y, d
w, y, e
w, y, l
w, y, m
w, y, n
w, y, o
w, y, r
w, y, s
x, e, a
x, e, c
x, e, e
x, e, g
x, e, l
x, e, m
x, e, n
x, e, o
x, e, t
x, e, y
x, j, a
x, j, e
x, j, i
x, j, o
x, j, q
x, j, x
x, j, z
x, t, a
x, t, e
x, t, h
x, t, i
x, t, l
x, t, o
x, t, s
x, t, u
x, t, y
x, y, a
x, y, d
x, y, e
x, y, l
x, y, m
x, y, n
x, y, o
x, y, r
x, y, s
x, z, a
x, z, e
x, z, i
x, z, j
x, z, o
x, z, x
x, z, y
x, z, z
y, a, a
y, a, b
y, a, c
y, a, d
y, a, e
y, a, f
y, a, g
y, a, i
y, a, k
y, a, m
y, a, o
y, a, p
y, a, r
y, a, t
y, a, u
y, a, v
y, a, w
y, a, x
y, a, y
y, a, z
y, d, a
y, d, d
y, d, i
y, d, o
y, d, s
y, d, u
y, e, a
y, e, b
y, e, c
y, e, e
y, e, f
y, e, g
y, e, h
y, e, i
y, e, k
y, e, l
y, e, m
y, e, n
y, e, o
y, e, p
y, e, t
y, e, u
y, e, v
y, e, w
y, e, y
y, e, z
y, l, d
y, l, f
y, l, i
y, l, k
y, l, m
y, l, n
y, l, o
y, l, p
y, l, t
y, l, u
y, m, b
y, m, i
y, m, n
y, m, o
y, m, p
y, m, u
y, n, a
y, n, c
y, n, d
y, n, g
y, n, i
y, n, k
y, n, n
y, n, o
y, n, s
y, n, t
y, n, u
y, n, x
y, n, y
y, o, a
y, o, b
y, o, c
y, o, d
y, o, e
y, o, f
y, o, g
y, o, h
y, o, i
y, o, k
y, o, l
y, o, m
y, o, o
y, o, p
y, o, r
y, o, s
y, o, t
y, o, u
y, o, v
y, o, w
y, o, x
y, r, a
y, r, b
y, r, c
y, r, d
y, r, g
y, r, i
y, r, l
y, r, m
y, r, n
y, r, o
y, r, p
y, r, r
y, r, s
y, r, t
y, r, u
y, r, y
y, s, a
y, s, c
y, s, e
y, s, h
y, s, i
y, s, k
y, s, m
y, s, o
y, s, p
y, s, s
y, s, u
y, s, y
y, x, e
y, x, j
y, x, z
z, a, a
z, a, b
z, a, c
z, a, d
z, a, e
z, a, f
z, a, g
z, a, h
z, a, i
z, a, k
z, a, l
z, a, m
z, a, n
z, a, p
z, a, r
z, a, t
z, a, u
z, a, v
z, a, w
z, a, z
z, e, a
z, e, b
z, e, c
z, e, e
z, e, f
z, e, g
z, e, h
z, e, i
z, e, k
z, e, m
z, e, o
z, e, p
z, e, t
z, e, u
z, e, v
z, e, w
z, e, y
z, e, z
z, i, b
z, i, c
z, i, d
z, i, f
z, i, g
z, i, k
z, i, l
z, i, m
z, i, o
z, i, p
z, i, r
z, i, s
z, i, t
z, i, z
z, j, a
z, j, e
z, j, i
z, j, o
z, j, q
z, j, x
z, j, z
z, o, b
z, o, c
z, o, d
z, o, e
z, o, f
z, o, g
z, o, h
z, o, i
z, o, k
z, o, l
z, o, m
z, o, o
z, o, p
z, o, r
z, o, t
z, o, u
z, o, v
z, o, w
z, o, x
z, o, y
z, x, e
z, x, j
z, x, t
z, x, y
z, x, z
z, y, l
z, y, m
z, y, r
z, y, s
z, z, a
z, z, e
z, z, i
z, z, j
z, z, o
z, z, x
', d, o
', g, a
', g, e
', g, h
', g, i
', g, n
', g, o
', g, s
', g, u
', g, x
', g, y
', j, a
', j, e
', j, i
', j, o
', j, q
', j, x
', j, z
', k, a
', k, e
', k, i
', k, o
', k, s
', k, u
', k, x
', k, y
', q, f
', q, g
', q, h
', q, j
', q, k
', q, p
', q, v
', q, x
', q, y
', q, z
', w, a
', w, e
', w, i
', w, k
', w, l
', w, n
', w, q
', w, s
', w, t
', w, x
', w, y
', x, e
', x, j
', x, t
', x, y
', x, z
', y, a
', y, d
', y, e
', y, l
', y, m
', y, n
', y, o
', y, r
', y, s
', y, x
', z, a
', z, e
', z, i
', z, j
', z, o
', z, x
', z, y
', z, z
', ', d
', ', g
', ', j
', ', k
', ', q
', ', s
', ', t
', ', w
', ', x
', ', y
', ', z
', ', '
