a, a, a
a, a, b
a, a, c
a, a, d
a, a, f
a, a, g
a, a, h
a, a, i
a, a, k
a, a, m
a, a, n
a, a, p
a, a, s
a, a, t
a, a, u
a, b, f
a, b, v
a, b, w
a, c, b
a, c, d
a, c, f
a, c, g
a, c, p
a, c, s
a, c, w
a, c, z
a, d, b
a, d, c
a, d, t
a, d, w
a, d, '
a, e, b
a, e, e
a, e, f
a, e, h
a, e, i
a, e, j
a, e, k
a, e, m
a, e, u
a, e, v
a, e, w
a, e, x
a, e, y
a, e, z
a, f, c
a, f, d
a, f, h
a, f, m
a, f, n
a, f, q
a, f, u
a, f, w
a, f, x
a, f, y
a, g, b
a, g, c
a, g, d
a, g, f
a, g, p
a, g, s
a, g, t
a, g, w
a, g, x
a, h, c
a, h, d
a, h, f
a, h, g
a, h, l
a, h, s
a, h, t
a, h, w
a, h, x
a, h, y
a, i, a
a, i, b
a, i, c
a, i, f
a, i, h
a, i, i
a, i, j
a, i, o
a, i, p
a, i, q
a, i, u
a, i, v
a, i, w
a, i, x
a, i, y
a, i, '
a, j, e
a, j, i
a, j, n
a, j, q
a, j, x
a, j, z
a, k, b
a, k, c
a, k, l
a, k, m
a, k, n
a, k, p
a, k, s
a, k, v
a, k, w
a, k, x
a, k, y
a, l, j
a, l, '
a, m, c
a, m, d
a, m, f
a, m, g
a, m, j
a, m, v
a, m, w
a, m, z
a, n, b
a, n, p
a, n, r
a, n, w
a, o, a
a, o, b
a, o, c
a, o, d
a, o, e
a, o, g
a, o, h
a, o, i
a, o, l
a, o, m
a, o, n
a, o, p
a, o, s
a, o, u
a, o, v
a, o, w
a, o, '
a, p, b
a, p, c
a, p, d
a, p, f
a, p, k
a, p, m
a, p, w
a, p, x
a, q, a
a, q, f
a, q, g
a, q, h
a, q, i
a, q, j
a, q, k
a, q, p
a, q, v
a, q, x
a, q, y
a, q, z
a, r, f
a, r, w
a, s, d
a, s, f
a, s, r
a, s, v
a, s, z
a, t, b
a, t, d
a, t, f
a, t, g
a, t, j
a, t, n
a, t, p
a, t, y
a, t, z
a, u, a
a, u, h
a, u, i
a, u, j
a, u, p
a, u, u
a, u, v
a, u, z
a, v, b
a, v, c
a, v, d
a, v, j
a, v, l
a, v, q
a, v, s
a, v, w
a, v, y
a, w, b
a, w, f
a, w, i
a, w, p
a, w, q
a, w, s
a, w, u
a, w, w
a, w, x
a, w, y
a, x, a
a, x, j
a, x, y
a, x, z
a, y, b
a, y, c
a, y, f
a, y, g
a, y, o
a, y, p
a, y, s
a, y, t
a, y, v
a, z, h
a, z, j
a, z, l
a, z, x
b, a, o
b, a, q
b, b, a
b, b, e
b, b, i
b, b, l
b, b, o
b, b, r
b, b, s
b, b, t
b, b, u
b, b, y
b, c, a
b, c, e
b, c, h
b, c, i
b, c, l
b, c, o
b, c, r
b, c, u
b, c, y
b, d, a
b, d, i
b, d, o
b, d, r
b, d, u
b, f, a
b, f, e
b, f, i
b, f, l
b, f, o
b, f, q
b, f, r
b, f, u
b, f, x
b, h, e
b, h, x
b, h, y
b, i, i
b, i, y
b, i, '
b, j, a
b, j, e
b, j, i
b, j, o
b, j, q
b, j, u
b, j, x
b, j, z
b, k, a
b, k, e
b, k, h
b, k, i
b, k, x
b, l, d
b, l, t
b, m, a
b, m, e
b, m, i
b, m, o
b, m, s
b, m, u
b, n, a
b, n, e
b, n, i
b, n, o
b, n, u
b, o, j
b, o, '
b, p, a
b, p, e
b, p, h
b, p, i
b, p, l
b, p, o
b, p, r
b, p, s
b, p, u
b, p, x
b, p, y
b, r, d
b, r, f
b, r, h
b, r, n
b, s, b
b, s, c
b, s, d
b, s, f
b, s, h
b, s, i
b, s, k
b, s, l
b, s, o
b, s, q
b, s, r
b, s, s
b, s, t
b, s, u
b, s, y
b, t, a
b, t, e
b, t, f
b, t, h
b, t, i
b, t, l
b, t, o
b, t, r
b, t, s
b, t, u
b, t, y
b, u, j
b, v, a
b, v, b
b, v, e
b, v, i
b, v, j
b, v, o
b, v, q
b, v, w
b, w, a
b, w, e
b, w, h
b, w, i
b, w, o
b, w, q
b, w, r
b, w, x
b, y, b
b, y, c
b, y, i
b, y, m
b, y, o
b, y, u
b, y, v
c, b, a
c, b, e
c, b, o
c, b, r
c, c, a
c, c, c
c, c, d
c, c, e
c, c, i
c, c, l
c, c, m
c, c, n
c, c, o
c, c, r
c, c, s
c, c, t
c, c, u
c, c, y
c, d, a
c, d, e
c, d, i
c, d, o
c, d, r
c, d, s
c, d, y
c, d, '
c, e, g
c, e, h
c, e, j
c, e, k
c, e, q
c, e, u
c, e, w
c, e, z
c, f, a
c, f, q
c, f, x
c, g, a
c, g, e
c, g, i
c, g, o
c, g, r
c, g, u
c, g, x
c, h, c
c, h, d
c, h, f
c, h, g
c, h, m
c, h, p
c, h, s
c, h, w
c, h, x
c, i, f
c, i, i
c, i, k
c, i, q
c, i, u
c, i, z
c, i, '
c, l, l
c, m, a
c, m, d
c, m, e
c, m, i
c, m, o
c, m, s
c, m, u
c, n, a
c, n, d
c, n, o
c, n, u
c, n, y
c, o, '
c, p, a
c, p, c
c, p, h
c, p, i
c, p, o
c, p, r
c, p, s
c, p, t
c, p, x
c, r, c
c, r, f
c, s, c
c, s, e
c, s, h
c, s, i
c, s, k
c, s, o
c, s, p
c, s, t
c, t, a
c, t, d
c, t, f
c, t, h
c, t, i
c, t, l
c, t, m
c, t, n
c, t, o
c, t, r
c, t, s
c, t, t
c, t, u
c, t, w
c, t, y
c, u, g
c, u, j
c, u, k
c, u, u
c, v, b
c, v, e
c, v, j
c, v, o
c, v, q
c, v, w
c, w, a
c, w, h
c, w, i
c, w, o
c, w, q
c, w, x
c, y, e
c, y, o
c, z, j
c, z, x
c, z, y
d, a, a
d, a, j
d, a, q
d, a, x
d, b, a
d, b, e
d, b, i
d, b, l
d, b, m
d, b, o
d, b, r
d, b, u
d, b, y
d, c, a
d, c, c
d, c, h
d, c, l
d, c, o
d, c, r
d, c, u
d, d, a
d, d, e
d, d, f
d, d, h
d, d, i
d, d, l
d, d, m
d, d, n
d, d, o
d, d, r
d, d, s
d, d, u
d, d, y
d, d, '
d, f, a
d, f, e
d, f, i
d, f, l
d, f, o
d, f, q
d, f, r
d, f, u
d, f, x
d, h, i
d, h, r
d, h, s
d, h, x
d, h, y
d, i, q
d, i, y
d, i, '
d, j, o
d, j, q
d, j, u
d, j, x
d, j, z
d, l, a
d, l, c
d, l, e
d, l, i
d, l, o
d, l, s
d, l, u
d, l, y
d, l, '
d, m, a
d, m, e
d, m, o
d, m, u
d, n, e
d, n, o
d, n, u
d, o, j
d, o, q
d, o, '
d, p, a
d, p, e
d, p, h
d, p, i
d, p, l
d, p, o
d, p, r
d, p, u
d, p, x
d, r, s
d, s, a
d, s, b
d, s, c
d, s, e
d, s, f
d, s, h
d, s, i
d, s, k
d, s, l
d, s, m
d, s, n
d, s, p
d, s, q
d, s, s
d, s, t
d, s, u
d, s, v
d, s, w
d, s, y
d, t, a
d, t, e
d, t, h
d, t, i
d, t, o
d, t, r
d, t, s
d, t, u
d, u, h
d, u, x
d, v, a
d, v, b
d, v, e
d, v, i
d, v, j
d, v, q
d, v, w
d, w, h
d, w, o
d, w, q
d, w, r
d, w, x
d, w, y
d, y, b
d, y, c
d, y, f
d, y, g
d, y, m
d, y, p
d, y, r
d, y, t
d, y, u
d, y, v
d, z, a
d, z, h
d, z, i
d, z, j
d, z, u
d, z, x
d, ', g
d, ', j
d, ', k
d, ', q
d, ', w
d, ', x
d, ', y
d, ', z
d, ', '
e, a, a
e, a, b
e, a, e
e, a, f
e, a, h
e, a, i
e, a, k
e, a, m
e, a, n
e, a, o
e, a, p
e, a, q
e, a, w
e, a, x
e, a, y
e, a, z
e, b, a
e, b, c
e, b, d
e, b, f
e, b, h
e, b, k
e, b, l
e, b, m
e, b, n
e, b, s
e, b, t
e, b, w
e, b, y
e, c, i
e, c, m
e, c, n
e, c, y
e, d, b
e, d, c
e, d, f
e, d, h
e, d, j
e, d, l
e, d, p
e, d, s
e, d, t
e, d, v
e, d, '
e, e, a
e, e, b
e, e, c
e, e, d
e, e, e
e, e, f
e, e, g
e, e, h
e, e, i
e, e, j
e, e, k
e, e, m
e, e, n
e, e, o
e, e, p
e, e, q
e, e, r
e, e, s
e, e, t
e, e, u
e, e, v
e, e, w
e, e, x
e, e, y
e, e, z
e, f, a
e, f, c
e, f, d
e, f, e
e, f, i
e, f, l
e, f, n
e, f, o
e, f, q
e, f, s
e, f, u
e, f, w
e, f, x
e, f, y
e, g, b
e, g, f
e, g, h
e, g, m
e, g, n
e, g, s
e, g, u
e, g, w
e, g, x
e, h, a
e, h, e
e, h, i
e, h, l
e, h, m
e, h, o
e, h, s
e, h, t
e, h, u
e, h, x
e, h, y
e, i, a
e, i, b
e, i, e
e, i, f
e, i, h
e, i, i
e, i, j
e, i, k
e, i, o
e, i, p
e, i, t
e, i, u
e, i, v
e, i, w
e, i, x
e, i, y
e, i, z
e, i, '
e, j, i
e, j, o
e, j, q
e, j, u
e, j, x
e, j, z
e, k, b
e, k, e
e, k, h
e, k, i
e, k, l
e, k, n
e, k, o
e, k, r
e, k, s
e, k, u
e, k, x
e, k, y
e, l, h
e, l, j
e, l, '
e, m, d
e, m, f
e, m, h
e, m, n
e, m, r
e, m, s
e, m, t
e, m, v
e, m, w
e, m, z
e, n, b
e, n, y
e, o, a
e, o, b
e, o, c
e, o, d
e, o, e
e, o, f
e, o, g
e, o, h
e, o, i
e, o, k
e, o, m
e, o, n
e, o, o
e, o, p
e, o, r
e, o, t
e, o, u
e, o, v
e, o, w
e, o, x
e, o, y
e, o, z
e, o, '
e, p, b
e, p, c
e, p, d
e, p, f
e, p, k
e, p, l
e, p, m
e, p, n
e, p, t
e, p, w
e, p, x
e, p, y
e, q, f
e, q, g
e, q, h
e, q, j
e, q, k
e, q, p
e, q, v
e, q, x
e, q, y
e, q, z
e, r, b
e, r, c
e, r, f
e, r, h
e, r, p
e, r, t
e, r, w
e, s, a
e, s, d
e, s, f
e, s, g
e, s, h
e, s, i
e, s, n
e, s, r
e, s, v
e, s, w
e, s, y
e, s, z
e, t, b
e, t, d
e, t, f
e, t, g
e, t, j
e, t, l
e, t, m
e, t, n
e, t, p
e, t, s
e, t, u
e, t, w
e, t, z
e, u, a
e, u, f
e, u, i
e, u, v
e, u, z
e, v, b
e, v, j
e, v, l
e, v, q
e, v, r
e, v, s
e, v, w
e, v, y
e, w, a
e, w, b
e, w, f
e, w, h
e, w, i
e, w, l
e, w, o
e, w, p
e, w, q
e, w, r
e, w, s
e, w, u
e, w, w
e, w, x
e, w, y
e, x, j
e, x, y
e, x, z
e, y, b
e, y, c
e, y, f
e, y, g
e, y, i
e, y, l
e, y, m
e, y, o
e, y, p
e, y, s
e, y, t
e, y, v
e, z, h
e, z, i
e, z, j
e, z, l
e, z, o
e, z, u
e, z, x
e, z, y
f, a, j
f, a, o
f, a, p
f, c, a
f, c, h
f, c, o
f, c, u
f, d, a
f, d, i
f, d, o
f, e, f
f, e, g
f, e, k
f, e, p
f, e, x
f, f, a
f, f, c
f, f, d
f, f, e
f, f, g
f, f, h
f, f, i
f, f, l
f, f, m
f, f, n
f, f, o
f, f, p
f, f, q
f, f, r
f, f, s
f, f, t
f, f, u
f, f, w
f, f, x
f, f, y
f, g, a
f, g, e
f, g, h
f, g, r
f, g, x
f, h, a
f, h, e
f, h, o
f, h, x
f, h, y
f, i, i
f, i, j
f, i, p
f, i, q
f, i, u
f, i, y
f, i, '
f, j, e
f, j, o
f, j, q
f, j, x
f, j, z
f, m, a
f, m, e
f, m, o
f, n, a
f, n, e
f, n, i
f, n, n
f, o, b
f, o, f
f, o, k
f, o, '
f, p, a
f, p, e
f, p, i
f, p, r
f, p, u
f, p, x
f, q, a
f, q, e
f, q, f
f, q, g
f, q, h
f, q, i
f, q, j
f, q, k
f, q, o
f, q, p
f, q, t
f, q, u
f, q, v
f, q, x
f, q, y
f, q, z
f, r, c
f, r, t
f, s, a
f, s, b
f, s, c
f, s, e
f, s, h
f, s, i
f, s, k
f, s, m
f, s, s
f, s, t
f, t, a
f, t, b
f, t, e
f, t, f
f, t, g
f, t, h
f, t, i
f, t, l
f, t, m
f, t, n
f, t, o
f, t, p
f, t, r
f, t, s
f, t, t
f, t, u
f, t, w
f, t, y
f, u, h
f, u, i
f, w, a
f, w, e
f, w, i
f, w, o
f, w, q
f, w, x
f, x, a
f, x, e
f, x, i
f, x, j
f, x, m
f, x, o
f, x, x
f, x, y
f, x, z
f, y, e
f, y, i
f, y, m
f, y, o
f, y, t
g, a, c
g, a, j
g, a, k
g, b, a
g, b, e
g, b, i
g, b, o
g, b, r
g, b, u
g, b, y
g, c, a
g, c, h
g, c, o
g, c, r
g, c, u
g, d, a
g, d, e
g, d, i
g, d, o
g, d, r
g, d, u
g, e, z
g, f, a
g, f, e
g, f, i
g, f, l
g, f, n
g, f, o
g, f, q
g, f, r
g, f, u
g, f, x
g, h, c
g, h, d
g, h, f
g, h, g
g, h, l
g, h, m
g, h, p
g, h, r
g, h, s
g, h, t
g, h, u
g, h, w
g, h, x
g, h, y
g, i, c
g, i, h
g, i, i
g, i, j
g, i, k
g, i, '
g, j, a
g, j, e
g, j, i
g, j, q
g, j, u
g, j, x
g, j, z
g, l, '
g, m, a
g, m, e
g, m, i
g, m, o
g, m, s
g, m, u
g, m, y
g, n, f
g, n, i
g, n, l
g, n, n
g, n, p
g, n, s
g, n, u
g, n, y
g, o, c
g, o, h
g, o, k
g, o, x
g, o, z
g, o, '
g, p, a
g, p, e
g, p, i
g, p, l
g, p, o
g, p, r
g, p, u
g, p, x
g, s, a
g, s, b
g, s, c
g, s, d
g, s, e
g, s, f
g, s, h
g, s, i
g, s, k
g, s, l
g, s, m
g, s, n
g, s, o
g, s, p
g, s, t
g, s, u
g, s, v
g, s, w
g, t, a
g, t, e
g, t, h
g, t, i
g, t, o
g, t, r
g, t, u
g, t, z
g, u, h
g, w, h
g, w, o
g, w, q
g, w, r
g, w, u
g, w, x
g, x, a
g, x, e
g, x, i
g, x, j
g, x, m
g, x, o
g, x, x
g, x, y
g, x, z
g, y, b
g, y, e
g, y, i
g, y, l
g, y, o
g, y, s
g, y, v
h, a, q
h, a, x
h, c, a
h, c, h
h, c, l
h, c, o
h, c, r
h, c, u
h, d, a
h, d, e
h, d, i
h, d, l
h, d, o
h, d, r
h, d, u
h, d, '
h, e, h
h, e, q
h, e, v
h, f, a
h, f, e
h, f, i
h, f, l
h, f, o
h, f, q
h, f, t
h, f, u
h, f, x
h, g, a
h, g, e
h, g, i
h, g, o
h, g, r
h, g, u
h, g, x
h, i, f
h, i, h
h, i, i
h, i, o
h, i, q
h, i, u
h, i, w
h, i, x
h, i, y
h, i, '
h, l, a
h, l, b
h, l, e
h, l, g
h, l, h
h, l, i
h, l, o
h, l, s
h, l, u
h, l, y
h, l, '
h, m, a
h, m, e
h, m, g
h, m, i
h, m, m
h, m, n
h, m, o
h, m, s
h, m, u
h, m, y
h, o, j
h, o, q
h, o, z
h, o, '
h, p, a
h, p, e
h, p, h
h, p, i
h, p, l
h, p, o
h, p, p
h, p, r
h, p, u
h, p, x
h, r, a
h, r, d
h, r, e
h, r, i
h, r, l
h, r, o
h, r, s
h, r, u
h, r, y
h, s, a
h, s, b
h, s, c
h, s, e
h, s, h
h, s, k
h, s, l
h, s, m
h, s, o
h, s, p
h, s, s
h, s, t
h, s, v
h, t, a
h, t, b
h, t, c
h, t, e
h, t, f
h, t, g
h, t, h
h, t, i
h, t, j
h, t, l
h, t, m
h, t, n
h, t, o
h, t, p
h, t, r
h, t, s
h, t, t
h, t, u
h, t, w
h, t, y
h, u, h
h, u, j
h, u, u
h, u, v
h, w, e
h, w, h
h, w, i
h, w, o
h, w, q
h, w, r
h, w, x
h, w, y
h, x, a
h, x, e
h, x, i
h, x, j
h, x, m
h, x, o
h, x, x
h, x, y
h, x, z
h, y, c
h, y, i
h, y, t
h, y, u
i, a, a
i, a, b
i, a, d
i, a, e
i, a, f
i, a, g
i, a, h
i, a, i
i, a, j
i, a, k
i, a, l
i, a, o
i, a, q
i, a, r
i, a, s
i, a, u
i, a, v
i, a, w
i, a, x
i, a, z
i, b, b
i, b, c
i, b, d
i, b, h
i, b, l
i, b, m
i, b, n
i, b, o
i, b, r
i, b, u
i, b, w
i, b, y
i, c, b
i, c, c
i, c, d
i, c, l
i, c, m
i, c, n
i, c, p
i, c, r
i, c, s
i, c, u
i, c, w
i, c, y
i, c, z
i, d, b
i, d, c
i, d, d
i, d, f
i, d, h
i, d, j
i, d, m
i, d, n
i, d, p
i, d, s
i, d, t
i, d, v
i, d, w
i, d, z
i, d, '
i, e, a
i, e, b
i, e, c
i, e, d
i, e, e
i, e, f
i, e, g
i, e, h
i, e, i
i, e, j
i, e, k
i, e, l
i, e, m
i, e, n
i, e, o
i, e, p
i, e, q
i, e, r
i, e, s
i, e, t
i, e, u
i, e, v
i, e, w
i, e, x
i, e, y
i, e, z
i, f, a
i, f, d
i, f, e
i, f, f
i, f, i
i, f, l
i, f, o
i, f, q
i, f, r
i, f, s
i, f, t
i, f, u
i, f, x
i, f, y
i, g, b
i, g, d
i, g, e
i, g, f
i, g, h
i, g, i
i, g, j
i, g, m
i, g, o
i, g, p
i, g, r
i, g, s
i, g, t
i, g, w
i, g, x
i, g, y
i, h, a
i, h, e
i, h, i
i, h, l
i, h, o
i, h, r
i, h, s
i, h, u
i, h, w
i, h, x
i, h, y
i, i, a
i, i, d
i, i, e
i, i, f
i, i, i
i, i, l
i, i, m
i, i, n
i, i, o
i, i, p
i, i, s
i, i, t
i, i, u
i, i, '
i, j, a
i, j, e
i, j, i
i, j, n
i, j, o
i, j, q
i, j, u
i, j, x
i, j, z
i, k, a
i, k, h
i, k, i
i, k, l
i, k, m
i, k, n
i, k, o
i, k, r
i, k, s
i, k, u
i, k, v
i, k, x
i, k, y
i, l, b
i, l, c
i, l, d
i, l, f
i, l, g
i, l, h
i, l, p
i, l, r
i, l, s
i, l, t
i, l, u
i, l, v
i, l, w
i, l, '
i, m, c
i, m, d
i, m, f
i, m, g
i, m, h
i, m, l
i, m, n
i, m, r
i, m, t
i, m, u
i, m, w
i, m, y
i, n, y
i, o, a
i, o, b
i, o, c
i, o, e
i, o, f
i, o, g
i, o, h
i, o, i
i, o, j
i, o, k
i, o, m
i, o, o
i, o, p
i, o, s
i, o, u
i, o, v
i, o, w
i, o, x
i, o, y
i, o, z
i, o, '
i, p, a
i, p, b
i, p, c
i, p, d
i, p, e
i, p, f
i, p, i
i, p, k
i, p, l
i, p, m
i, p, n
i, p, p
i, p, t
i, p, u
i, p, w
i, p, x
i, p, y
i, q, a
i, q, f
i, q, g
i, q, h
i, q, j
i, q, k
i, q, p
i, q, u
i, q, v
i, q, x
i, q, y
i, q, z
i, r, c
i, r, d
i, r, f
i, r, g
i, r, h
i, r, l
i, r, n
i, r, p
i, r, s
i, r, t
i, r, u
i, r, w
i, r, y
i, s, d
i, s, f
i, s, g
i, s, j
i, s, k
i, s, n
i, s, p
i, s, q
i, s, v
i, s, w
i, s, y
i, s, z
i, t, b
i, t, d
i, t, f
i, t, g
i, t, j
i, t, l
i, t, m
i, t, n
i, t, p
i, t, r
i, t, s
i, t, t
i, t, w
i, t, y
i, t, z
i, u, a
i, u, b
i, u, c
i, u, d
i, u, e
i, u, j
i, u, k
i, u, l
i, u, m
i, u, n
i, u, p
i, u, r
i, u, s
i, u, t
i, v, b
i, v, i
i, v, j
i, v, l
i, v, q
i, v, r
i, v, s
i, v, u
i, v, w
i, w, a
i, w, e
i, w, h
i, w, i
i, w, o
i, w, q
i, w, u
i, w, x
i, x, a
i, x, e
i, x, j
i, x, m
i, x, y
i, x, z
i, y, a
i, y, e
i, y, i
i, y, o
i, y, u
i, z, e
i, z, h
i, z, i
i, z, j
i, z, l
i, z, o
i, z, u
i, z, x
i, z, y
i, ', g
i, ', j
i, ', k
i, ', q
i, ', w
i, ', x
i, ', y
i, ', z
i, ', '
j, a, j
j, a, x
j, e, g
j, e, i
j, e, k
j, e, u
j, e, v
j, f, q
j, f, x
j, h, a
j, h, x
j, i, a
j, i, d
j, i, e
j, i, f
j, i, k
j, i, p
j, i, u
j, i, z
j, i, '
j, n, a
j, n, h
j, o, m
j, o, z
j, o, '
j, q, a
j, q, e
j, q, f
j, q, g
j, q, h
j, q, i
j, q, j
j, q, k
j, q, o
j, q, p
j, q, t
j, q, u
j, q, v
j, q, x
j, q, y
j, q, z
j, u, c
j, u, e
j, x, a
j, x, e
j, x, i
j, x, j
j, x, m
j, x, o
j, x, x
j, x, y
j, x, z
j, z, a
j, z, e
j, z, h
j, z, i
j, z, j
j, z, l
j, z, o
j, z, u
j, z, w
j, z, x
j, z, y
k, a, x
k, b, a
k, b, e
k, b, i
k, b, l
k, b, o
k, b, r
k, b, u
k, c, a
k, c, h
k, c, i
k, c, l
k, c, o
k, c, r
k, c, u
k, e, j
k, e, x
k, h, d
k, h, m
k, h, r
k, h, s
k, h, t
k, h, w
k, h, x
k, h, y
k, i, f
k, i, h
k, i, i
k, i, j
k, i, v
k, i, y
k, i, '
k, j, a
k, j, e
k, j, o
k, j, q
k, j, u
k, j, x
k, j, z
k, l, y
k, m, a
k, m, e
k, m, i
k, m, o
k, m, u
k, o, g
k, o, x
k, o, y
k, o, '
k, p, a
k, p, e
k, p, h
k, p, i
k, p, l
k, p, o
k, p, r
k, p, u
k, p, x
k, s, a
k, s, b
k, s, c
k, s, d
k, s, e
k, s, f
k, s, g
k, s, h
k, s, i
k, s, k
k, s, l
k, s, m
k, s, n
k, s, o
k, s, p
k, s, t
k, s, u
k, s, v
k, s, w
k, s, y
k, u, c
k, u, g
k, u, h
k, u, i
k, u, v
k, v, b
k, v, i
k, v, j
k, v, o
k, v, q
k, v, w
k, w, h
k, w, i
k, w, o
k, w, q
k, w, r
k, w, u
k, w, x
k, x, a
k, x, e
k, x, i
k, x, j
k, x, m
k, x, o
k, x, x
k, x, y
k, x, z
k, y, b
k, y, c
k, y, e
k, y, f
k, y, i
k, y, s
k, y, u
l, a, j
l, b, a
l, b, e
l, b, i
l, b, l
l, b, o
l, b, r
l, b, s
l, b, u
l, b, y
l, c, a
l, c, c
l, c, d
l, c, e
l, c, h
l, c, i
l, c, l
l, c, m
l, c, o
l, c, r
l, c, s
l, c, t
l, c, u
l, c, y
l, d, a
l, d, b
l, d, c
l, d, d
l, d, e
l, d, f
l, d, h
l, d, i
l, d, l
l, d, m
l, d, n
l, d, o
l, d, p
l, d, r
l, d, s
l, d, t
l, d, u
l, d, v
l, d, w
l, d, y
l, d, '
l, e, j
l, e, q
l, f, a
l, f, c
l, f, d
l, f, e
l, f, f
l, f, g
l, f, h
l, f, i
l, f, l
l, f, m
l, f, n
l, f, o
l, f, p
l, f, q
l, f, r
l, f, s
l, f, t
l, f, u
l, f, w
l, f, x
l, f, y
l, g, a
l, g, e
l, g, h
l, g, i
l, g, l
l, g, o
l, g, r
l, g, u
l, g, x
l, g, y
l, h, a
l, h, e
l, h, i
l, h, o
l, h, u
l, h, x
l, h, y
l, i, h
l, i, i
l, i, j
l, i, u
l, i, w
l, i, y
l, i, '
l, j, a
l, j, e
l, j, o
l, j, q
l, j, u
l, j, x
l, j, z
l, l, b
l, l, c
l, l, d
l, l, f
l, l, g
l, l, h
l, l, i
l, l, l
l, l, o
l, l, p
l, l, r
l, l, s
l, l, t
l, l, u
l, l, v
l, l, w
l, l, y
l, l, '
l, o, j
l, o, '
l, p, a
l, p, d
l, p, e
l, p, f
l, p, h
l, p, i
l, p, l
l, p, m
l, p, n
l, p, o
l, p, r
l, p, s
l, p, t
l, p, u
l, p, w
l, p, x
l, p, y
l, r, a
l, r, e
l, r, i
l, r, o
l, r, s
l, r, u
l, r, y
l, s, a
l, s, b
l, s, c
l, s, d
l, s, e
l, s, f
l, s, g
l, s, h
l, s, i
l, s, k
l, s, l
l, s, m
l, s, n
l, s, o
l, s, p
l, s, r
l, s, s
l, s, t
l, s, u
l, s, v
l, s, w
l, s, y
l, t, a
l, t, b
l, t, c
l, t, d
l, t, e
l, t, f
l, t, g
l, t, h
l, t, i
l, t, l
l, t, m
l, t, n
l, t, o
l, t, p
l, t, r
l, t, s
l, t, u
l, t, w
l, t, y
l, t, z
l, u, j
l, v, a
l, v, b
l, v, e
l, v, i
l, v, j
l, v, o
l, v, q
l, v, u
l, v, w
l, v, y
l, w, a
l, w, e
l, w, h
l, w, i
l, w, o
l, w, q
l, w, r
l, w, u
l, w, x
l, w, y
l, y, b
l, y, f
l, y, i
l, y, l
l, y, p
l, y, u
l, y, v
l, ', g
l, ', j
l, ', k
l, ', q
l, ', w
l, ', x
l, ', y
l, ', z
l, ', '
m, b, a
m, b, b
m, b, c
m, b, d
m, b, e
m, b, f
m, b, h
m, b, i
m, b, k
m, b, l
m, b, m
m, b, n
m, b, o
m, b, p
m, b, r
m, b, s
m, b, t
m, b, u
m, b, w
m, b, y
m, c, o
m, c, p
m, c, s
m, c, u
m, c, v
m, c, w
m, d, a
m, d, e
m, d, f
m, d, i
m, d, m
m, d, o
m, d, r
m, d, t
m, d, u
m, d, '
m, e, f
m, e, j
m, e, q
m, f, a
m, f, e
m, f, i
m, f, l
m, f, o
m, f, q
m, f, r
m, f, u
m, f, x
m, g, a
m, g, e
m, g, h
m, g, r
m, g, t
m, g, u
m, g, x
m, g, y
m, h, a
m, h, e
m, h, i
m, h, o
m, h, u
m, h, x
m, i, b
m, i, i
m, i, p
m, i, v
m, i, w
m, i, y
m, i, '
m, j, a
m, j, o
m, j, q
m, j, u
m, j, x
m, j, z
m, l, a
m, l, e
m, l, i
m, l, o
m, l, u
m, l, y
m, m, a
m, m, e
m, m, h
m, m, i
m, m, l
m, m, o
m, m, s
m, m, u
m, m, y
m, n, a
m, n, i
m, n, l
m, n, n
m, n, o
m, n, s
m, n, u
m, n, y
m, o, '
m, p, a
m, p, b
m, p, c
m, p, d
m, p, e
m, p, f
m, p, h
m, p, i
m, p, k
m, p, l
m, p, m
m, p, n
m, p, o
m, p, p
m, p, r
m, p, s
m, p, t
m, p, u
m, p, w
m, p, x
m, p, y
m, r, a
m, r, e
m, r, o
m, r, u
m, r, y
m, s, a
m, s, b
m, s, d
m, s, e
m, s, f
m, s, g
m, s, h
m, s, i
m, s, k
m, s, l
m, s, m
m, s, o
m, s, p
m, s, s
m, s, u
m, s, v
m, s, w
m, s, y
m, t, a
m, t, b
m, t, e
m, t, h
m, t, i
m, t, o
m, t, r
m, t, s
m, u, a
m, u, u
m, v, a
m, v, b
m, v, e
m, v, i
m, v, j
m, v, o
m, v, q
m, v, w
m, w, a
m, w, e
m, w, h
m, w, i
m, w, o
m, w, q
m, w, x
m, y, b
m, y, m
m, y, p
m, z, a
m, z, e
m, z, j
m, z, x
m, z, y
n, a, q
n, a, x
n, b, a
n, b, e
n, b, i
n, b, l
n, b, o
n, b, r
n, b, u
n, b, y
n, c, a
n, c, c
n, c, e
n, c, h
n, c, i
n, c, l
n, c, m
n, c, n
n, c, o
n, c, r
n, c, s
n, c, t
n, c, u
n, c, y
n, d, a
n, d, b
n, d, c
n, d, d
n, d, e
n, d, f
n, d, h
n, d, i
n, d, j
n, d, l
n, d, m
n, d, n
n, d, o
n, d, p
n, d, r
n, d, s
n, d, t
n, d, u
n, d, v
n, d, w
n, d, y
n, d, z
n, d, '
n, e, j
n, e, q
n, e, y
n, e, z
n, f, a
n, f, e
n, f, f
n, f, i
n, f, l
n, f, o
n, f, q
n, f, r
n, f, u
n, f, x
n, f, y
n, g, b
n, g, c
n, g, d
n, g, e
n, g, f
n, g, h
n, g, i
n, g, j
n, g, l
n, g, m
n, g, n
n, g, p
n, g, r
n, g, s
n, g, t
n, g, u
n, g, w
n, g, x
n, g, y
n, h, a
n, h, e
n, h, i
n, h, o
n, h, s
n, h, u
n, h, w
n, h, x
n, h, y
n, i, i
n, i, j
n, i, q
n, i, w
n, i, y
n, i, '
n, l, a
n, l, e
n, l, i
n, l, o
n, l, u
n, l, y
n, n, a
n, n, b
n, n, d
n, n, e
n, n, f
n, n, h
n, n, i
n, n, l
n, n, n
n, n, o
n, n, r
n, n, s
n, n, u
n, n, w
n, n, y
n, o, f
n, o, j
n, o, q
n, o, '
n, p, a
n, p, e
n, p, f
n, p, h
n, p, i
n, p, l
n, p, o
n, p, r
n, p, s
n, p, u
n, p, x
n, p, y
n, r, a
n, r, e
n, r, h
n, r, i
n, r, o
n, r, u
n, r, y
n, s, a
n, s, b
n, s, c
n, s, d
n, s, e
n, s, f
n, s, g
n, s, h
n, s, i
n, s, j
n, s, k
n, s, l
n, s, m
n, s, n
n, s, o
n, s, p
n, s, q
n, s, r
n, s, s
n, s, t
n, s, u
n, s, v
n, s, w
n, s, y
n, u, e
n, u, f
n, u, i
n, u, u
n, u, v
n, u, x
n, w, a
n, w, e
n, w, h
n, w, i
n, w, o
n, w, q
n, w, r
n, w, x
n, w, y
n, y, b
n, y, f
n, y, g
n, y, i
n, y, o
n, y, p
n, y, r
n, y, t
n, y, u
o, a, b
o, a, c
o, a, d
o, a, e
o, a, g
o, a, h
o, a, i
o, a, l
o, a, m
o, a, n
o, a, o
o, a, p
o, a, q
o, a, u
o, a, v
o, a, x
o, a, z
o, b, h
o, b, k
o, b, m
o, b, p
o, b, w
o, b, y
o, c, d
o, c, i
o, c, l
o, c, m
o, c, n
o, c, s
o, d, b
o, d, c
o, d, f
o, d, h
o, d, j
o, d, l
o, d, m
o, d, n
o, d, p
o, d, r
o, d, s
o, d, t
o, d, u
o, d, v
o, d, w
o, d, z
o, d, '
o, e, a
o, e, b
o, e, e
o, e, f
o, e, g
o, e, h
o, e, i
o, e, k
o, e, l
o, e, m
o, e, o
o, e, p
o, e, q
o, e, t
o, e, u
o, e, v
o, e, w
o, e, x
o, e, y
o, f, a
o, f, e
o, f, i
o, f, l
o, f, m
o, f, n
o, f, o
o, f, q
o, f, r
o, f, s
o, f, u
o, f, w
o, f, x
o, f, y
o, g, b
o, g, c
o, g, e
o, g, f
o, g, j
o, g, m
o, g, n
o, g, o
o, g, p
o, g, s
o, g, t
o, g, u
o, g, w
o, g, x
o, g, y
o, h, a
o, h, e
o, h, l
o, h, o
o, h, p
o, h, r
o, h, s
o, h, u
o, h, x
o, h, y
o, i, a
o, i, b
o, i, c
o, i, e
o, i, f
o, i, g
o, i, m
o, i, o
o, i, p
o, i, r
o, i, s
o, i, t
o, i, v
o, i, x
o, i, z
o, i, '
o, j, a
o, j, e
o, j, o
o, j, q
o, j, u
o, j, x
o, j, z
o, k, b
o, k, c
o, k, h
o, k, m
o, k, n
o, k, p
o, k, r
o, k, s
o, k, v
o, k, w
o, k, x
o, k, y
o, l, b
o, l, c
o, l, g
o, l, h
o, l, r
o, l, t
o, l, u
o, l, v
o, l, w
o, l, '
o, m, c
o, m, d
o, m, f
o, m, h
o, m, l
o, m, r
o, m, s
o, m, t
o, m, u
o, m, v
o, m, w
o, m, y
o, n, b
o, n, g
o, n, h
o, n, n
o, n, p
o, n, r
o, n, u
o, n, w
o, o, a
o, o, b
o, o, d
o, o, e
o, o, h
o, o, i
o, o, j
o, o, k
o, o, u
o, o, v
o, o, x
o, o, y
o, o, '
o, p, b
o, p, c
o, p, d
o, p, f
o, p, k
o, p, l
o, p, m
o, p, n
o, p, r
o, p, v
o, p, w
o, p, x
o, p, y
o, q, f
o, q, g
o, q, h
o, q, j
o, q, k
o, q, p
o, q, v
o, q, x
o, q, y
o, q, z
o, r, h
o, s, d
o, s, f
o, s, g
o, s, k
o, s, l
o, s, q
o, s, u
o, s, y
o, s, z
o, t, b
o, t, c
o, t, d
o, t, f
o, t, g
o, t, l
o, t, m
o, t, n
o, t, p
o, t, r
o, t, s
o, t, u
o, t, w
o, t, y
o, t, z
o, u, c
o, u, e
o, u, f
o, u, h
o, u, j
o, u, k
o, u, m
o, u, n
o, u, v
o, u, x
o, v, b
o, v, c
o, v, j
o, v, q
o, v, r
o, v, s
o, v, t
o, v, w
o, v, y
o, w, b
o, w, f
o, w, h
o, w, o
o, w, p
o, w, q
o, w, s
o, w, u
o, w, w
o, w, x
o, w, y
o, x, j
o, x, m
o, x, z
o, y, b
o, y, c
o, y, f
o, y, g
o, y, i
o, y, l
o, y, m
o, y, o
o, y, p
o, y, r
o, y, t
o, y, u
o, z, e
o, z, h
o, z, i
o, z, j
o, z, l
o, z, u
o, z, x
o, z, y
o, ', g
o, ', j
o, ', k
o, ', q
o, ', w
o, ', x
o, ', y
o, ', z
o, ', '
p, a, q
p, b, a
p, b, e
p, b, i
p, b, l
p, b, o
p, b, r
p, b, s
p, b, u
p, c, a
p, c, d
p, c, e
p, c, h
p, c, i
p, c, l
p, c, o
p, c, r
p, c, s
p, c, t
p, c, u
p, d, a
p, d, e
p, d, i
p, d, o
p, d, r
p, d, u
p, e, f
p, e, h
p, e, q
p, e, v
p, e, x
p, f, i
p, f, l
p, f, o
p, f, q
p, f, r
p, f, u
p, f, x
p, h, p
p, h, s
p, h, x
p, i, h
p, i, i
p, i, '
p, k, a
p, k, e
p, k, i
p, k, n
p, k, x
p, l, p
p, m, a
p, m, e
p, m, i
p, m, o
p, m, u
p, n, a
p, n, i
p, n, o
p, n, u
p, o, f
p, o, q
p, o, v
p, o, x
p, o, '
p, p, a
p, p, e
p, p, h
p, p, i
p, p, l
p, p, m
p, p, o
p, p, p
p, p, r
p, p, s
p, p, u
p, p, x
p, p, y
p, s, b
p, s, c
p, s, f
p, s, h
p, s, k
p, s, l
p, s, m
p, s, n
p, s, p
p, s, s
p, s, t
p, s, u
p, s, v
p, s, w
p, t, c
p, t, f
p, t, h
p, t, l
p, t, m
p, t, n
p, t, r
p, t, s
p, t, t
p, t, u
p, t, w
p, u, a
p, u, j
p, u, u
p, v, a
p, v, b
p, v, i
p, v, j
p, v, q
p, v, w
p, w, a
p, w, e
p, w, h
p, w, i
p, w, o
p, w, q
p, w, r
p, w, x
p, x, a
p, x, e
p, x, i
p, x, j
p, x, m
p, x, o
p, x, x
p, x, y
p, x, z
p, y, b
p, y, f
p, y, i
p, y, m
p, y, s
q, a, i
q, a, l
q, a, n
q, a, s
q, a, t
q, a, w
q, f, a
q, f, c
q, f, d
q, f, e
q, f, f
q, f, g
q, f, h
q, f, i
q, f, j
q, f, l
q, f, m
q, f, n
q, f, o
q, f, p
q, f, q
q, f, r
q, f, s
q, f, t
q, f, u
q, f, w
q, f, x
q, f, y
q, g, a
q, g, b
q, g, c
q, g, d
q, g, e
q, g, f
q, g, h
q, g, i
q, g, j
q, g, l
q, g, m
q, g, n
q, g, o
q, g, p
q, g, r
q, g, s
q, g, t
q, g, u
q, g, w
q, g, x
q, g, y
q, h, a
q, h, c
q, h, d
q, h, e
q, h, f
q, h, g
q, h, i
q, h, l
q, h, m
q, h, o
q, h, p
q, h, r
q, h, s
q, h, t
q, h, u
q, h, w
q, h, x
q, h, y
q, i, a
q, j, a
q, j, c
q, j, e
q, j, f
q, j, h
q, j, i
q, j, n
q, j, o
q, j, q
q, j, u
q, j, x
q, j, y
q, j, z
q, k, a
q, k, b
q, k, c
q, k, e
q, k, h
q, k, i
q, k, j
q, k, l
q, k, m
q, k, n
q, k, o
q, k, p
q, k, r
q, k, s
q, k, u
q, k, v
q, k, w
q, k, x
q, k, y
q, p, a
q, p, b
q, p, c
q, p, d
q, p, e
q, p, f
q, p, h
q, p, i
q, p, k
q, p, l
q, p, m
q, p, n
q, p, o
q, p, p
q, p, r
q, p, s
q, p, t
q, p, u
q, p, v
q, p, w
q, p, x
q, p, y
q, u, b
q, u, h
q, u, m
q, u, u
q, v, a
q, v, b
q, v, c
q, v, d
q, v, e
q, v, f
q, v, i
q, v, j
q, v, l
q, v, m
q, v, o
q, v, q
q, v, r
q, v, s
q, v, t
q, v, u
q, v, w
q, v, y
q, x, a
q, x, e
q, x, i
q, x, j
q, x, m
q, x, o
q, x, x
q, x, y
q, x, z
q, y, a
q, y, b
q, y, c
q, y, e
q, y, f
q, y, g
q, y, i
q, y, l
q, y, m
q, y, o
q, y, p
q, y, r
q, y, s
q, y, t
q, y, u
q, y, v
q, z, a
q, z, e
q, z, h
q, z, i
q, z, j
q, z, l
q, z, o
q, z, u
q, z, w
q, z, x
q, z, y
r, a, q
r, a, x
r, b, a
r, b, b
r, b, e
r, b, h
r, b, i
r, b, l
r, b, m
r, b, o
r, b, r
r, b, s
r, b, t
r, b, u
r, b, w
r, b, y
r, c, a
r, c, c
r, c, e
r, c, h
r, c, i
r, c, l
r, c, m
r, c, n
r, c, o
r, c, p
r, c, r
r, c, s
r, c, t
r, c, u
r, c, y
r, c, z
r, d, a
r, d, b
r, d, c
r, d, d
r, d, e
r, d, f
r, d, h
r, d, i
r, d, l
r, d, m
r, d, n
r, d, o
r, d, p
r, d, r
r, d, s
r, d, t
r, d, u
r, d, v
r, d, w
r, d, y
r, d, '
r, f, a
r, f, c
r, f, e
r, f, f
r, f, h
r, f, i
r, f, l
r, f, m
r, f, n
r, f, o
r, f, p
r, f, q
r, f, r
r, f, s
r, f, u
r, f, x
r, f, y
r, g, a
r, g, e
r, g, f
r, g, h
r, g, i
r, g, l
r, g, m
r, g, n
r, g, o
r, g, r
r, g, s
r, g, t
r, g, u
r, g, w
r, g, x
r, g, y
r, h, m
r, h, x
r, i, h
r, i, i
r, i, q
r, i, r
r, i, u
r, i, w
r, i, y
r, i, '
r, l, a
r, l, b
r, l, c
r, l, d
r, l, e
r, l, f
r, l, h
r, l, i
r, l, l
r, l, o
r, l, p
r, l, s
r, l, t
r, l, u
r, l, w
r, l, y
r, l, '
r, n, b
r, n, c
r, n, d
r, n, e
r, n, f
r, n, g
r, n, h
r, n, i
r, n, l
r, n, n
r, n, o
r, n, p
r, n, r
r, n, s
r, n, u
r, n, w
r, n, y
r, o, f
r, o, j
r, o, '
r, p, a
r, p, e
r, p, h
r, p, i
r, p, l
r, p, m
r, p, n
r, p, o
r, p, p
r, p, r
r, p, s
r, p, t
r, p, u
r, p, w
r, p, x
r, p, y
r, r, a
r, r, e
r, r, g
r, r, h
r, r, i
r, r, l
r, r, n
r, r, o
r, r, s
r, r, t
r, r, u
r, r, y
r, s, a
r, s, b
r, s, c
r, s, d
r, s, e
r, s, f
r, s, h
r, s, i
r, s, k
r, s, l
r, s, m
r, s, n
r, s, o
r, s, p
r, s, q
r, s, s
r, s, t
r, s, u
r, s, v
r, s, w
r, s, y
r, s, z
r, t, a
r, t, b
r, t, c
r, t, d
r, t, e
r, t, f
r, t, g
r, t, h
r, t, i
r, t, j
r, t, l
r, t, m
r, t, n
r, t, o
r, t, p
r, t, r
r, t, s
r, t, t
r, t, u
r, t, w
r, t, y
r, t, z
r, u, h
r, u, j
r, u, k
r, u, u
r, u, v
r, u, x
r, u, z
r, w, e
r, w, h
r, w, i
r, w, o
r, w, q
r, w, r
r, w, u
r, w, x
r, w, y
r, y, a
r, y, c
r, y, f
r, y, g
r, y, i
r, y, l
r, y, m
r, y, p
r, y, r
r, y, s
r, y, t
r, y, v
s, a, j
s, a, q
s, b, a
s, b, c
s, b, e
s, b, i
s, b, j
s, b, l
s, b, o
s, b, r
s, b, u
s, b, y
s, c, b
s, c, c
s, c, d
s, c, m
s, c, p
s, c, s
s, c, t
s, d, a
s, d, c
s, d, i
s, d, n
s, d, o
s, d, r
s, d, s
s, d, u
s, d, '
s, e, h
s, e, o
s, f, a
s, f, c
s, f, e
s, f, i
s, f, l
s, f, m
s, f, q
s, f, r
s, f, u
s, f, x
s, f, y
s, g, a
s, g, e
s, g, i
s, g, l
s, g, m
s, g, o
s, g, r
s, g, u
s, g, x
s, h, d
s, h, f
s, h, g
s, h, p
s, h, s
s, h, w
s, h, x
s, i, i
s, i, j
s, i, q
s, i, '
s, j, e
s, j, i
s, j, o
s, j, q
s, j, u
s, j, x
s, j, z
s, k, b
s, k, h
s, k, j
s, k, m
s, k, n
s, k, s
s, k, w
s, k, x
s, m, d
s, m, r
s, m, s
s, m, t
s, o, h
s, o, q
s, o, x
s, o, '
s, p, b
s, p, c
s, p, d
s, p, f
s, p, n
s, p, s
s, p, x
s, q, f
s, q, g
s, q, h
s, q, j
s, q, k
s, q, p
s, q, v
s, q, x
s, q, y
s, q, z
s, r, b
s, r, c
s, r, e
s, r, h
s, r, o
s, r, s
s, r, u
s, r, y
s, s, a
s, s, b
s, s, c
s, s, d
s, s, e
s, s, f
s, s, g
s, s, h
s, s, i
s, s, k
s, s, l
s, s, m
s, s, n
s, s, o
s, s, p
s, s, r
s, s, s
s, s, t
s, s, u
s, s, v
s, s, w
s, s, y
s, t, b
s, t, c
s, t, d
s, t, f
s, t, g
s, t, j
s, t, l
s, t, m
s, t, n
s, t, p
s, t, s
s, t, t
s, t, w
s, u, j
s, u, u
s, u, v
s, v, b
s, v, j
s, v, o
s, v, q
s, v, w
s, w, b
s, w, q
s, w, r
s, w, u
s, w, x
s, y, a
s, y, f
s, y, g
s, y, i
s, y, o
s, y, t
s, y, u
s, y, v
s, z, a
s, z, i
s, z, j
s, z, x
s, z, y
t, a, q
t, b, a
t, b, e
t, b, i
t, b, l
t, b, o
t, b, r
t, b, s
t, b, u
t, b, y
t, c, a
t, c, c
t, c, e
t, c, i
t, c, l
t, c, n
t, c, o
t, c, r
t, c, u
t, c, y
t, d, a
t, d, e
t, d, i
t, d, o
t, d, r
t, d, u
t, d, w
t, e, y
t, f, a
t, f, e
t, f, i
t, f, l
t, f, o
t, f, q
t, f, r
t, f, u
t, f, x
t, g, a
t, g, e
t, g, i
t, g, l
t, g, n
t, g, o
t, g, r
t, g, u
t, g, x
t, h, c
t, h, d
t, h, f
t, h, g
t, h, l
t, h, m
t, h, p
t, h, s
t, h, t
t, h, x
t, i, h
t, i, i
t, i, j
t, i, q
t, i, u
t, i, v
t, i, w
t, i, x
t, i, y
t, i, '
t, j, e
t, j, i
t, j, o
t, j, q
t, j, u
t, j, x
t, j, z
t, l, e
t, l, o
t, l, s
t, l, u
t, l, y
t, l, '
t, m, a
t, m, e
t, m, i
t, m, o
t, m, s
t, m, u
t, n, a
t, n, e
t, n, i
t, n, o
t, n, u
t, o, j
t, o, '
t, p, a
t, p, e
t, p, h
t, p, i
t, p, l
t, p, o
t, p, r
t, p, s
t, p, u
t, p, x
t, p, y
t, r, h
t, r, n
t, r, p
t, r, s
t, s, b
t, s, d
t, s, f
t, s, k
t, s, l
t, s, m
t, s, n
t, s, p
t, s, r
t, s, s
t, s, t
t, s, v
t, s, w
t, s, y
t, t, a
t, t, c
t, t, d
t, t, e
t, t, f
t, t, g
t, t, h
t, t, i
t, t, l
t, t, m
t, t, n
t, t, o
t, t, r
t, t, s
t, t, t
t, t, u
t, t, w
t, t, y
t, u, k
t, u, u
t, u, v
t, u, z
t, w, h
t, w, q
t, w, r
t, w, u
t, w, x
t, y, a
t, y, f
t, y, g
t, y, i
t, y, o
t, y, s
t, y, u
t, y, v
t, z, h
t, z, j
t, z, l
t, z, o
t, z, u
t, z, x
t, z, y
u, a, a
u, a, b
u, a, c
u, a, d
u, a, e
u, a, f
u, a, g
u, a, h
u, a, i
u, a, j
u, a, k
u, a, l
u, a, m
u, a, n
u, a, o
u, a, p
u, a, q
u, a, r
u, a, s
u, a, t
u, a, u
u, a, v
u, a, w
u, a, x
u, a, y
u, a, z
u, b, b
u, b, c
u, b, d
u, b, f
u, b, h
u, b, j
u, b, k
u, b, l
u, b, m
u, b, n
u, b, o
u, b, p
u, b, r
u, b, s
u, b, t
u, b, u
u, b, v
u, b, w
u, b, y
u, c, c
u, c, e
u, c, h
u, c, i
u, c, l
u, c, n
u, c, o
u, c, r
u, c, s
u, c, t
u, c, u
u, c, y
u, d, b
u, d, c
u, d, d
u, d, e
u, d, f
u, d, h
u, d, i
u, d, l
u, d, m
u, d, n
u, d, p
u, d, r
u, d, s
u, d, u
u, d, v
u, d, w
u, d, y
u, d, z
u, d, '
u, e, a
u, e, b
u, e, c
u, e, d
u, e, e
u, e, f
u, e, g
u, e, h
u, e, i
u, e, j
u, e, l
u, e, m
u, e, n
u, e, o
u, e, p
u, e, r
u, e, s
u, e, t
u, e, u
u, e, v
u, e, w
u, e, x
u, e, y
u, e, z
u, f, a
u, f, c
u, f, e
u, f, f
u, f, i
u, f, l
u, f, q
u, f, r
u, f, s
u, f, t
u, f, u
u, f, x
u, g, b
u, g, d
u, g, e
u, g, f
u, g, h
u, g, i
u, g, m
u, g, n
u, g, o
u, g, s
u, g, t
u, g, u
u, g, w
u, g, x
u, g, y
u, h, a
u, h, e
u, h, i
u, h, l
u, h, m
u, h, r
u, h, u
u, h, x
u, i, a
u, i, b
u, i, c
u, i, d
u, i, e
u, i, f
u, i, i
u, i, j
u, i, k
u, i, l
u, i, m
u, i, o
u, i, p
u, i, q
u, i, r
u, i, s
u, i, u
u, i, v
u, i, x
u, i, y
u, i, z
u, i, '
u, j, a
u, j, e
u, j, i
u, j, o
u, j, q
u, j, u
u, j, x
u, j, z
u, k, a
u, k, b
u, k, c
u, k, e
u, k, h
u, k, i
u, k, l
u, k, o
u, k, s
u, k, u
u, k, x
u, k, y
u, l, b
u, l, d
u, l, f
u, l, g
u, l, h
u, l, w
u, l, y
u, l, '
u, m, c
u, m, d
u, m, e
u, m, f
u, m, g
u, m, h
u, m, j
u, m, l
u, m, n
u, m, o
u, m, r
u, m, s
u, m, t
u, m, u
u, m, v
u, m, w
u, m, y
u, p, n
u, p, o
u, p, u
u, p, x
u, p, y
u, r, f
u, r, h
u, r, l
u, r, p
u, r, r
u, r, w
u, r, y
u, s, c
u, s, d
u, s, f
u, s, g
u, s, i
u, s, l
u, s, m
u, s, o
u, s, r
u, s, w
u, s, y
u, s, z
u, t, b
u, t, c
u, t, d
u, t, f
u, t, g
u, t, h
u, t, j
u, t, l
u, t, m
u, t, n
u, t, p
u, t, s
u, t, w
u, t, y
u, t, z
u, u, a
u, u, l
u, u, m
u, u, n
u, u, s
u, v, b
u, v, i
u, v, j
u, v, l
u, v, o
u, v, q
u, v, r
u, v, s
u, v, w
u, x, a
u, x, e
u, x, i
u, x, j
u, x, m
u, x, z
u, z, a
u, z, e
u, z, h
u, z, i
u, z, j
u, z, l
u, z, o
u, z, u
u, z, x
u, z, y
v, a, b
v, a, e
v, a, f
v, a, h
v, a, j
v, a, x
v, a, y
v, a, z
v, b, a
v, b, b
v, b, c
v, b, d
v, b, e
v, b, f
v, b, h
v, b, i
v, b, j
v, b, k
v, b, l
v, b, m
v, b, n
v, b, o
v, b, p
v, b, r
v, b, s
v, b, t
v, b, u
v, b, v
v, b, w
v, b, y
v, c, e
v, c, i
v, d, a
v, e, b
v, e, f
v, e, j
v, e, k
v, e, m
v, e, o
v, e, p
v, e, u
v, e, w
v, e, y
v, e, z
v, f, q
v, f, x
v, i, f
v, i, h
v, i, i
v, i, j
v, i, u
v, i, y
v, i, '
v, j, a
v, j, c
v, j, e
v, j, f
v, j, h
v, j, i
v, j, n
v, j, o
v, j, q
v, j, u
v, j, x
v, j, y
v, j, z
v, l, e
v, l, i
v, l, o
v, o, a
v, o, b
v, o, k
v, o, p
v, o, v
v, o, x
v, o, '
v, q, a
v, q, e
v, q, f
v, q, g
v, q, h
v, q, i
v, q, j
v, q, k
v, q, o
v, q, p
v, q, t
v, q, u
v, q, v
v, q, x
v, q, y
v, q, z
v, r, e
v, r, u
v, s, a
v, s, k
v, s, t
v, t, a
v, u, d
v, u, e
v, u, i
v, u, m
v, u, n
v, u, r
v, u, s
v, u, t
v, w, a
v, w, b
v, w, e
v, w, f
v, w, h
v, w, i
v, w, l
v, w, o
v, w, p
v, w, q
v, w, r
v, w, s
v, w, u
v, w, w
v, w, x
v, w, y
v, y, a
v, y, b
v, y, e
v, y, i
v, y, l
v, y, s
w, a, j
w, b, a
w, b, e
w, b, i
w, b, l
w, b, n
w, b, o
w, b, r
w, b, s
w, b, u
w, b, w
w, b, y
w, e, g
w, e, j
w, e, o
w, e, p
w, e, v
w, e, w
w, e, x
w, e, z
w, f, a
w, f, e
w, f, f
w, f, i
w, f, l
w, f, o
w, f, q
w, f, r
w, f, u
w, f, x
w, h, x
w, i, a
w, i, b
w, i, i
w, i, w
w, i, x
w, i, y
w, i, '
w, l, a
w, l, b
w, l, d
w, l, e
w, l, f
w, l, i
w, l, l
w, l, o
w, l, p
w, l, s
w, l, t
w, l, w
w, l, y
w, l, '
w, o, c
w, o, f
w, o, i
w, o, k
w, o, s
w, o, v
w, o, z
w, o, '
w, p, a
w, p, e
w, p, h
w, p, i
w, p, l
w, p, o
w, p, r
w, p, s
w, p, u
w, p, x
w, q, a
w, q, e
w, q, f
w, q, g
w, q, h
w, q, i
w, q, j
w, q, k
w, q, o
w, q, p
w, q, t
w, q, u
w, q, v
w, q, x
w, q, y
w, q, z
w, r, u
w, s, a
w, s, b
w, s, c
w, s, d
w, s, e
w, s, f
w, s, g
w, s, h
w, s, i
w, s, k
w, s, l
w, s, m
w, s, o
w, s, p
w, s, r
w, s, s
w, s, t
w, s, u
w, s, v
w, s, w
w, s, y
w, u, m
w, u, p
w, u, t
w, w, a
w, w, e
w, w, i
w, w, o
w, w, q
w, w, r
w, w, x
w, x, a
w, x, e
w, x, i
w, x, j
w, x, m
w, x, o
w, x, x
w, x, y
w, x, z
w, y, f
w, y, m
w, y, r
x, a, b
x, a, c
x, a, d
x, a, e
x, a, f
x, a, g
x, a, h
x, a, i
x, a, l
x, a, m
x, a, p
x, a, r
x, a, s
x, a, t
x, a, u
x, a, z
x, e, a
x, e, c
x, e, d
x, e, e
x, e, g
x, e, l
x, e, m
x, e, o
x, e, q
x, e, s
x, e, t
x, e, y
x, i, a
x, i, b
x, i, c
x, i, d
x, i, e
x, i, f
x, i, g
x, i, i
x, i, l
x, i, o
x, i, r
x, i, s
x, i, t
x, i, u
x, i, v
x, i, x
x, i, '
x, j, a
x, j, c
x, j, e
x, j, f
x, j, h
x, j, i
x, j, n
x, j, o
x, j, q
x, j, u
x, j, x
x, j, y
x, j, z
x, m, a
x, m, e
x, m, i
x, m, o
x, o, a
x, o, b
x, o, c
x, o, d
x, o, e
x, o, f
x, o, g
x, o, i
x, o, l
x, o, m
x, o, n
x, o, p
x, o, r
x, o, s
x, o, t
x, o, v
x, o, '
x, x, j
x, x, z
x, y, a
x, y, b
x, y, c
x, y, e
x, y, f
x, y, g
x, y, i
x, y, m
x, y, o
x, y, p
x, y, t
x, y, u
x, z, a
x, z, e
x, z, h
x, z, i
x, z, j
x, z, l
x, z, o
x, z, u
x, z, w
x, z, x
x, z, y
y, a, a
y, a, d
y, a, e
y, a, i
y, a, q
y, a, v
y, a, x
y, a, y
y, b, a
y, b, b
y, b, d
y, b, e
y, b, i
y, b, l
y, b, o
y, b, r
y, b, u
y, b, y
y, c, a
y, c, e
y, c, h
y, c, i
y, c, n
y, c, o
y, c, r
y, c, t
y, c, u
y, c, y
y, e, b
y, e, f
y, e, g
y, e, h
y, e, i
y, e, k
y, e, v
y, e, w
y, e, y
y, f, a
y, f, e
y, f, i
y, f, l
y, f, o
y, f, q
y, f, r
y, f, u
y, f, x
y, f, y
y, g, a
y, g, d
y, g, e
y, g, h
y, g, i
y, g, l
y, g, m
y, g, n
y, g, o
y, g, r
y, g, u
y, g, x
y, g, y
y, i, a
y, i, b
y, i, c
y, i, g
y, i, i
y, i, m
y, i, o
y, i, s
y, i, t
y, i, v
y, i, z
y, i, '
y, l, a
y, l, b
y, l, c
y, l, d
y, l, e
y, l, f
y, l, g
y, l, h
y, l, i
y, l, l
y, l, o
y, l, p
y, l, s
y, l, t
y, l, u
y, l, v
y, l, y
y, l, '
y, m, a
y, m, b
y, m, e
y, m, i
y, m, l
y, m, m
y, m, n
y, m, o
y, m, p
y, m, r
y, m, s
y, m, t
y, m, u
y, m, y
y, o, a
y, o, e
y, o, f
y, o, p
y, o, t
y, o, v
y, o, x
y, o, z
y, o, '
y, p, a
y, p, e
y, p, h
y, p, i
y, p, l
y, p, n
y, p, p
y, p, r
y, p, s
y, p, t
y, p, u
y, p, x
y, p, y
y, r, a
y, r, b
y, r, c
y, r, d
y, r, e
y, r, g
y, r, h
y, r, i
y, r, l
y, r, n
y, r, o
y, r, p
y, r, r
y, r, s
y, r, t
y, r, u
y, r, y
y, s, a
y, s, b
y, s, c
y, s, e
y, s, f
y, s, g
y, s, h
y, s, i
y, s, k
y, s, l
y, s, m
y, s, n
y, s, o
y, s, p
y, s, r
y, s, s
y, s, t
y, s, u
y, s, v
y, s, w
y, s, y
y, t, a
y, t, e
y, t, h
y, t, i
y, t, l
y, t, o
y, t, r
y, t, s
y, t, u
y, t, y
y, u, a
y, u, b
y, u, d
y, u, h
y, u, i
y, u, s
y, u, t
y, u, z
y, v, a
y, v, b
y, v, e
y, v, i
y, v, j
y, v, o
y, v, q
y, v, w
z, a, a
z, a, e
z, a, q
z, a, t
z, a, u
z, a, w
z, a, z
z, e, f
z, e, g
z, e, h
z, e, k
z, e, v
z, e, w
z, e, y
z, e, z
z, h, a
z, h, e
z, h, i
z, h, o
z, h, u
z, h, x
z, i, c
z, i, d
z, i, f
z, i, k
z, i, q
z, i, s
z, i, u
z, i, v
z, i, w
z, i, '
z, j, a
z, j, c
z, j, e
z, j, f
z, j, h
z, j, i
z, j, n
z, j, o
z, j, q
z, j, u
z, j, x
z, j, y
z, j, z
z, l, a
z, l, e
z, l, i
z, l, o
z, l, y
z, o, d
z, o, f
z, o, g
z, o, k
z, o, q
z, o, t
z, o, v
z, o, w
z, o, x
z, o, y
z, o, '
z, u, e
z, u, f
z, u, g
z, u, i
z, u, k
z, u, p
z, u, s
z, u, t
z, u, u
z, u, z
z, w, a
z, w, o
z, w, q
z, w, x
z, x, a
z, x, e
z, x, i
z, x, j
z, x, m
z, x, o
z, x, x
z, x, y
z, x, z
z, y, b
z, y, i
z, y, l
z, y, s
z, y, t
z, y, u
', g, a
', g, b
', g, c
', g, d
', g, e
', g, f
', g, h
', g, i
', g, j
', g, l
', g, m
', g, n
', g, o
', g, p
', g, r
', g, s
', g, t
', g, u
', g, w
', g, x
', g, y
', j, a
', j, c
', j, e
', j, f
', j, h
', j, i
', j, n
', j, o
', j, q
', j, u
', j, x
', j, y
', j, z
', k, a
', k, b
', k, c
', k, e
', k, h
', k, i
', k, j
', k, l
', k, m
', k, n
', k, o
', k, p
', k, r
', k, s
', k, u
', k, v
', k, w
', k, x
', k, y
', q, a
', q, e
', q, f
', q, g
', q, h
', q, i
', q, j
', q, k
', q, o
', q, p
', q, t
', q, u
', q, v
', q, x
', q, y
', q, z
', w, a
', w, b
', w, e
', w, f
', w, h
', w, i
', w, l
', w, o
', w, p
', w, q
', w, r
', w, s
', w, u
', w, w
', w, x
', w, y
', x, a
', x, e
', x, i
', x, j
', x, m
', x, o
', x, x
', x, y
', x, z
', y, a
', y, b
', y, c
', y, e
', y, f
', y, g
', y, i
', y, l
', y, m
', y, o
', y, p
', y, r
', y, s
', y, t
', y, u
', y, v
', z, a
', z, e
', z, h
', z, i
', z, j
', z, l
', z, o
', z, u
', z, w
', z, x
', z, y
', ', g
', ', j
', ', k
', ', q
', ', w
', ', x
', ', y
', ', z
', ', '
